nama,rating,waktu,ulasan
Pengguna Google,5,2021-04-27 15:45:22,Senang dengan yang lebih baik
Pengguna Google,5,2021-04-07 16:30:11,Bagusss bgt apk nya❤️🥰🥰🥰🤩🤩🤩🤩
Pengguna Google,5,2021-03-31 07:16:48,nama. kardiman
Pengguna Google,5,2021-09-04 11:33:16,the best emang Tokopedia👍
Pengguna Google,5,2021-03-26 10:05:41,Wokkeee
Pengguna Google,5,2022-07-25 03:09:59,mantull
Pengguna Google,5,2023-10-05 04:40:33,oc
Pengguna Google,5,2022-04-25 14:54:28,"memudahkan untuk pembayaran, banyak promonya"
Pengguna Google,5,2021-11-26 08:49:24,mantap
Pengguna Google,1,2021-06-04 02:21:10,pengiriman sangat lama
Pengguna Google,5,2021-05-08 05:57:45,Saya sangat bangga bergabing disimi
Pengguna Google,5,2021-05-22 19:13:39,Lebih Baik Untuk Kedepanya😊
Pengguna Google,5,2021-09-03 15:19:39,mksh mas
Pengguna Google,1,2024-05-07 11:09:11,"Saya verifikasi data diri tapi tidak bisa, sudah bolak balik saya ajukan tetap tidak bisa tanpa alasan yg jelas, tanya ke CS tokped juga tidak ada solusi dan hanya mengulang bahasa ""verfikasi data diri anda tidak bisa dilanjutkan"".... helloooooo itu CS yg berikan solusi atau BOT sih....., sudah ditanyakan sampai 4 atau 5kali dan jawaban selalu "" Verifikasi data diri anda tidak bisa dilanjutkan""... hello tokped tolong sediakan kemudahan komunikasi yg lebih gampang, jgn bertele2"
Pengguna Google,5,2022-11-14 06:48:19,semoga lancar terus tokopedia
Pengguna Google,4,2022-03-23 12:44:56,kasih 4 dlu
Pengguna Google,5,2022-02-05 05:57:51,"Terbantu sekali, tp kl bisa perbaiki lagi biar gak lemot"
Pengguna Google,5,2021-11-09 07:45:47,Mantap banyakin promo ya
Pengguna Google,4,2024-03-22 03:24:42,Menambah pengalaman
Pengguna Google,5,2021-07-14 22:41:40,josss
Pengguna Google,5,2021-05-15 00:09:38,Alhamdulillah
Pengguna Google,1,2021-10-17 10:29:02,Saya pesen vr box kok gk ada remot nya ya ?
Pengguna Google,5,2021-05-26 05:20:15,oke
Pengguna Google,5,2022-02-14 16:56:31,mantap
Pengguna Google,5,2021-09-29 15:39:16,keren sih.....mudah murah dan cepat
Pengguna Google,5,2021-07-13 08:14:47,mantap... semangat brand lokal
Pengguna Google,1,2021-05-14 13:23:59,Tokopedia: Saya mau komplain Saya kan beli barang cod nah tapi pas bagian pembayaran tidak dapat cod tolong di perbaiki ya
Pengguna Google,5,2021-07-13 04:03:49,Bgus
Pengguna Google,5,2021-11-23 08:45:33,mantap baru download dapet barang gratis
Pengguna Google,5,2021-10-25 08:25:57,lumayan blnja grtis ongkir gratis 😍😍
Pengguna Google,1,2024-02-23 16:13:25,Sudah kapok pake layanan ini...
Pengguna Google,5,2022-12-19 04:29:21,AKU CINTA TOKOPEDIA
Pengguna Google,4,2022-04-15 01:27:45,Lumayan bagus lah........
Pengguna Google,1,2023-04-24 04:33:13,Apk penipu
Pengguna Google,5,2021-11-15 02:15:05,promonya mantappp
Pengguna Google,5,2021-05-18 04:59:56,Mantap
Pengguna Google,1,2023-12-14 11:11:43,"Gua udah bayar barangnya, udah keluar invoice barangnya ,dibatalin sama pihak tokped nya, kacau, kalo memang tidak memenuhi kriteria promo, pas check out kan bisa kuponnya nggak bisa dipake, ini udah dibayar loh, mending oren aja lebih jelas, nggak melebih lebihkan promo!!!"
Pengguna Google,5,2021-06-22 02:59:31,good
Pengguna Google,5,2021-05-19 13:27:52,Ok
Pengguna Google,5,2022-12-15 06:52:47,Baru nyoba semoga bagus beli di sini dan semoga murah murah
Pengguna Google,1,2023-04-09 05:50:00,Mohon kurir si cepat ditiadakan karena sering terjadi pengiriman di atas estimasi. Barang sudah keluar dari gudang sortir selama 2 hari tapi tidak juga dikirim ke alamat. Ini sangat mengecewakan apabila pihak Tokopedia tidak bertindak tegas terhadap Si Cepat. Pantas saja banyak yg memakai Shope daripada Tokopedia. Ternyata karena pengirimannya yang SANGAT LAMBAT.
Pengguna Google,5,2021-10-27 02:00:03,sangat mudah dan cepat
Pengguna Google,5,2021-03-31 20:43:52,sangat baik!
Pengguna Google,3,2021-08-05 00:54:05,"Troble terus 4 hari g bisa di buka,di update g bisa, di buka g bisa payah, padahal Internet full konek"
Pengguna Google,5,2021-06-05 18:57:07,Bagus
Pengguna Google,5,2022-02-15 04:04:21,bagus
Pengguna Google,5,2021-09-26 20:02:15,Terbaik
Pengguna Google,5,2021-03-31 06:48:18,bagus
Pengguna Google,5,2022-06-15 05:56:13,"Tolonglah tokped,,,saya sdh kasih rating untuk pembelian voucher skill academy,,tp blm juga dpt contreng hijau..jadinya sertifikat saya belum masuk ke list kartu prakerja saya 😫"
Pengguna Google,5,2023-08-20 05:17:27,Bagus👍👍👍👍👍👍👍👍👍👍👍👍👍👍👍👍
Pengguna Google,5,2022-08-01 07:29:56,bagus tokoped cepet transaksi nya
Pengguna Google,1,2021-12-23 13:16:47,Ketika saya ingin update tidak bisa saya uninstal sekarang Tidak bisa download di hp vivo v15pro udh sebulan ketika mau download langsung eror playstore nya
Pengguna Google,5,2022-09-11 04:26:03,mantap
Pengguna Google,5,2021-05-04 11:49:03,selalu ada gratis ongkir nya jd suka belanja di tokopedia
Pengguna Google,5,2021-04-28 00:26:00,Keren
Pengguna Google,5,2021-04-29 12:09:53,👍
Pengguna Google,5,2021-03-31 07:45:58,saya sangant berterima kasih kepada tokepedia
Pengguna Google,5,2022-09-18 09:30:08,mantab
Pengguna Google,5,2021-10-28 21:57:18,layanan sangat bijaksana
Pengguna Google,5,2023-12-10 22:34:13,ok banget
Pengguna Google,5,2023-08-24 03:37:12,good
Pengguna Google,3,2021-06-21 11:47:45,Sangat baik dan sangat menguntungkan
Pengguna Google,5,2021-09-14 00:33:04,Semoga sukses selalu 😘😘👍👍produk produknya bagus ngga kalah keren 😍😗😍
Pengguna Google,5,2021-09-24 23:54:18,ok kali lah
Pengguna Google,5,2022-03-07 04:09:33,keren bgt
Pengguna Google,5,2023-09-15 15:00:00,good
Pengguna Google,1,2021-08-27 03:47:48,APLIKASI ANJING ASU!!!!!!
Pengguna Google,5,2021-11-15 13:52:30,mantul
Pengguna Google,5,2022-07-24 13:32:11,pengiriman lbh cpt ya
Pengguna Google,5,2022-07-03 09:30:19,gratis ongkir 0 rupiah gess
Pengguna Google,5,2024-04-24 05:16:36,"Sudah bagus sayang jasa pengiriman ga diseleksi, JNE jasa pengiriman paling buruk, kurir di daerah saya males mengantarkan barang, minta diambil sendiri ke gudang"
Pengguna Google,5,2022-07-08 02:29:24,Tokcer moncer kotos kotos
Pengguna Google,5,2021-11-09 16:48:44,good
Pengguna Google,5,2021-08-09 15:28:03,Coba dulu buat pelarian dr shopee soalnya dishopee saya kayak dianak tirikan oleh aplikasinya slalu keluhannya tidak ditanggapin
Pengguna Google,5,2022-04-26 05:58:31,"meskipun masih bingung cara pakainya kalau mau beli barang pakai voucher,promo dsb..."
Pengguna Google,1,2023-04-11 14:56:54,Bikin akun di perpayah apk sampah
Pengguna Google,5,2022-04-07 01:46:26,trimakasih toko pedia smoga smakin Jaya Jaya jaya
Pengguna Google,5,2021-07-29 15:25:51,Baguss bangett
Pengguna Google,5,2021-11-26 11:02:18,keren 👍☺️
Pengguna Google,5,2021-04-18 13:32:59,Jempol 👍👍👍 3 jempol mantap
Pengguna Google,1,2023-09-28 19:46:15,Ahhh bohong mau ngajukan pinjaman di tolak... Bangkekkk bangkeekkk
Pengguna Google,5,2021-05-10 02:43:38,Puas dan terpuaskan Sangat puas dan terhibur
Pengguna Google,5,2021-06-09 01:27:11,Apk ini sangat bagus
Pengguna Google,5,2023-09-21 03:50:10,gercep 😍
Pengguna Google,5,2021-10-22 12:30:42,"sy toppers peringkat gold,mau tanya kok sekarang ada gopay lha terus pembayaran pakai ovo bagaimana admin???"
Pengguna Google,1,2023-04-10 14:43:07,"pembayaran bpjs kesehatan di tokopedia banyak bermasalah. tagihan sudah dibayar, saldo sudah terpotong tapi dicek masih belum terbayar."
Pengguna Google,5,2024-05-26 15:20:51,Ok bagus kok untuk saat ini ada kemajuan
Pengguna Google,5,2021-05-05 17:37:33,Mataaaappppp
Pengguna Google,5,2021-06-24 13:27:31,toko pedia mantap
Pengguna Google,1,2021-08-01 13:11:25,"Aplikasi macam tolol,sdh pake wifi,proses dowload lama lagi,is cacat,lebih enakan dowload video"
Pengguna Google,5,2022-10-11 09:11:53,Berkat toko pedia memudahkan saya untuk berbelanja
Pengguna Google,5,2021-10-29 08:04:16,terima kasih sukses selalu Tokopedia
Pengguna Google,1,2021-12-28 13:56:40,Bug waktu update
Pengguna Google,5,2021-12-26 04:02:32,good aplication
Pengguna Google,5,2021-11-16 16:34:41,"So fa okey, thanks"
Pengguna Google,5,2021-09-15 03:36:12,terimakasih topet semuanya jadi mudah
Pengguna Google,5,2024-06-02 23:36:47,baik
Pengguna Google,5,2022-06-03 10:29:13,Mantaps diskonnya
Pengguna Google,5,2021-03-30 12:23:56,Mantaappp. . . 👍
Pengguna Google,1,2022-05-28 00:12:44,"Gua gelombang 28 sampe sekarang sertifikat belum muncul juga di dashboard, gua chat disuruh nunggu sampe tanggal 25 Mei padahal gua selesai pelatihan tanggal 15 dan udah dapet sertifikat penyelesaian. ini udah tanggal 28 masih belum ada juga ajir, nyesel gua beli pelatihan di platform digital tokopedia ajirr, dari 30 akun prakerja yg gua pegang cuman tokopedia yang parah ajirr, sertifikat aja lamban bansatt"
Pengguna Google,1,2023-08-25 04:10:46,barang retur udah sukses tapi uang nya kaga di kembalikan
Pengguna Google,4,2022-10-05 02:59:55,sangT puas
Pengguna Google,5,2021-05-14 12:02:03,Saya bertrimakasi kepada Tokopedia yg suda bangak membantusaya raca bertran saksi yg saling menguntungkan kan. Trimakasih Tokopedia semoga semakin berkembang dan sukses selalu
Pengguna Google,5,2021-09-11 13:18:50,super
Pengguna Google,1,2021-10-24 20:47:39,Aplikasi ribet
Pengguna Google,5,2024-07-01 16:04:29,😎👍 bsgus
Pengguna Google,5,2022-04-03 06:15:17,blom tau juga jangn jangn sma kyk toko seblh klo brng nya beda sama yg ada di gambar
Pengguna Google,5,2021-05-28 05:04:24,100% GRATIS PENGGUNA BARU. TERIMA KASIH TOKOPEDIA.
Pengguna Google,1,2021-04-29 11:30:44,Udah dibayar malah di batalkan otomatis tertulis pelanggaran s&k bla bla bla
Pengguna Google,5,2021-10-01 08:52:52,💜BTS💜. Tugajk. Mklio. Yihj. Mjkan. M. Uigaitks
Pengguna Google,5,2022-01-12 06:39:30,good
Pengguna Google,5,2021-06-21 05:29:26,sangat membantu untuk belanja
Pengguna Google,5,2021-09-06 06:18:50,Bagus aplikasinya
Pengguna Google,1,2022-09-13 15:22:13,Pelayanan semakin buruk
Pengguna Google,1,2021-10-29 11:49:56,Aplikasi sangat tidak recomended!!! Download ngabisin kuota ajh! dapet vocher pengguna baru buat potongan harga tapi percuma gx bakal bisa kepake ntar kalo dah bayar malah di batalkan pemesanan dengan alasan pelanggaran produk :D :D :D
Pengguna Google,1,2021-04-27 17:35:16,Saya tidak bisa update. Bagaimana yah ?
Pengguna Google,5,2022-01-15 12:18:04,mantap
Pengguna Google,5,2021-09-18 10:32:15,trima kasih tokopedia
Pengguna Google,3,2023-07-23 07:07:21,"Membebani seler potongan terlalu mahal, niat jualan malah rugi, pindah orange aja saia."
Pengguna Google,5,2024-07-01 01:17:37,😍😍😍
Pengguna Google,5,2021-03-25 15:23:42,kerennnn
Pengguna Google,1,2022-09-18 14:51:21,Tolong ya brng sya gk smpai2 udh dri tgl 9 september gk nympe2 smpe akrng. Sya pkai jasa sigesit. Brng sya tiba di gianyar blahbatuh gk di kirim2. Niat ap gk sih.
Pengguna Google,5,2021-09-16 10:42:29,ok
Pengguna Google,5,2022-07-20 10:01:23,Bagus
Pengguna Google,5,2021-06-30 15:43:32,good
Pengguna Google,5,2022-05-18 03:46:54,baik sekali
Pengguna Google,5,2021-06-15 00:01:48,Paling bagud👍
Pengguna Google,5,2022-02-21 12:15:53,Ok...
Pengguna Google,5,2023-10-23 10:02:10,sangat membantu
Pengguna Google,1,2023-06-24 14:05:38,Gaada tindaklanjut terhadap pengganti an nomor telepon sudah tidak aktif alhasil gabisa login. Pelayanan payah
Pengguna Google,5,2021-05-04 13:02:04,Sangat bagusssssss
Pengguna Google,1,2022-01-04 08:50:06,"Kemarin suka,sekarang aplikasi nya gak jelas banget bilangnya akun daftar pertama dapet Rp 0 eh tiba tiba dibatalkan dari Tokopedia nya trus juga voucher voucher nya banyak yang gak bisa dipakai"
Pengguna Google,5,2021-11-20 09:35:48,ok bos
Pengguna Google,5,2021-11-27 09:45:26,terima kasih
Pengguna Google,5,2021-09-20 19:01:40,Mantap
Pengguna Google,5,2022-06-28 13:20:28,good
Pengguna Google,4,2021-03-29 23:50:32,sangat bagus
Pengguna Google,5,2022-03-16 05:20:07,"Sangatta senang menggunakan Tokopedia , promonya juga banyak , Sukkaaa Poko nya Terimakasih Tokopedia 🥰"
Pengguna Google,5,2024-03-21 06:10:05,keren
Pengguna Google,5,2021-04-04 12:12:53,aplikasinya bagus juga membantu
Pengguna Google,5,2021-04-28 04:28:56,Good
Pengguna Google,5,2021-08-19 15:41:45,membantu
Pengguna Google,5,2022-12-22 07:15:44,"Tokopedia memang mantap jiwa. Masukan untuk tokopedia : Kembangkan fitur ulasan kepada ekspedisi ya krn ini sangat bagus untuk kemajuan ekspedisi, Jadi ini seringkali ada kurir ekspedisi kirimnya telat ke konsumen, yg kena imbas jelek adalah seller, Jadi ketika kita belanja barang ke tokopedia itu kita juga beli jasa kurir ekspedisi, jdi tolong fitur ulasan dan penilaian kepada ekspedisi segera di hadirkan, Terima kasih."
Pengguna Google,5,2022-01-27 19:06:31,top markotop
Pengguna Google,5,2021-11-16 05:35:26,Bagus lo
Pengguna Google,5,2021-08-14 20:46:09,Bagus
Pengguna Google,5,2021-06-22 10:57:21,Selamat pagi semua ap yang jelek!!!!!!!!!!!!!!!!!!!!!!!!!!!!!!!!!!!!!!!!!!!!!!!!!!!!!!!!!!!!!!!!!!!!!!!!!!!!!!!!!!!!!!!!!!!!!!!!!!!!!!!!!!!ngapain liat ke bawah kepo ya
Pengguna Google,5,2022-01-22 08:37:12,mantab headset nyaa makasih yaa
Pengguna Google,5,2022-03-10 05:32:40,👍
Pengguna Google,5,2021-06-16 21:12:55,mantap
Pengguna Google,5,2021-12-17 13:04:49,mantep jasa udah lu mah okeee
Pengguna Google,5,2021-06-19 03:04:31,Gimana cara mengambil hadiah dari vocher tokopedia ka ? Ini saya dapat vocher 1 juta dari toko pedia ?
Pengguna Google,5,2021-03-31 07:35:09,"sangat membantu dalam hal belanja online, berkat tokopedia saya dapat membeli pelatihan online dalam meningkatkan wawasan dan kemampuan saya, semoga Tokopedia semakin suksez"
Pengguna Google,4,2021-07-27 10:15:54,Bagus
Pengguna Google,1,2021-05-16 12:21:41,Gk guna aplikasi nya
Pengguna Google,5,2021-08-31 10:27:26,Terimakasih Tokopedia atas pembelajaran nya
Pengguna Google,4,2021-10-13 16:59:50,Bagus
Pengguna Google,5,2021-04-10 00:38:58,ok
Pengguna Google,1,2024-01-13 11:45:14,Hai ini sudah masuk Januari masih aja 12.12 gak update sama sekali
Pengguna Google,4,2023-12-10 11:32:18,baru belanja 1 kali ini dan semoga banyak diskon dan barang rekomended terussss
Pengguna Google,5,2024-05-15 11:49:19,Top dah
Pengguna Google,5,2022-07-08 08:24:02,mantap
Pengguna Google,4,2021-11-12 06:27:52,"tambahin pembayaran cod dong, plss"
Pengguna Google,5,2021-07-05 01:09:53,Tokopedia paling asik beroo
Pengguna Google,5,2021-05-03 04:58:54,Muantappppppp buangetZzzzzz
Pengguna Google,1,2023-12-25 13:13:33,Barang ga di kirim2 sama kurir... Komplain tetep aja ga di kirim Aneh aja si
Pengguna Google,2,2021-04-05 01:05:19,apa benar bisa kedit?
Pengguna Google,5,2021-03-27 01:44:12,🤗🤗
Pengguna Google,5,2021-10-02 04:39:38,Jozzz..
Pengguna Google,5,2024-03-29 01:58:34,Keren banget ini aplikasi mudah sekali saya dalam melakukan transaksi pembelian.. 🙏🙏☺️☺️
Pengguna Google,5,2021-06-17 10:40:42,mantap
Pengguna Google,5,2021-03-26 12:30:10,sangat baik sekali
Pengguna Google,5,2021-04-01 11:58:18,Sangat bermanfaat penjelasan mentornya sangat mudah di pahami oleh saya dan saya jadi lebih mengerti cara berjualan online
Pengguna Google,5,2021-04-08 12:58:28,Sangat bagus dan nyaman
Pengguna Google,4,2022-01-13 01:00:45,sip bagus diskonannya
Pengguna Google,5,2021-05-04 11:44:45,Mantap banget gak perlu ribet
Pengguna Google,1,2024-04-04 04:10:29,"Kurir rekomendasi nya tolong lahhhh yang bener kerjanya, masa setiap kali mesen di toko pedia pengiriman nya lama banget!? KAYA SEBELAH DONG SATSET DALAM HAL PENGIRIMAN!!! tolong ya toko pedia perbaiki sistem pengiriman nya!!!!!!"
Pengguna Google,5,2023-06-09 07:10:09,trimaksih
Pengguna Google,5,2022-06-25 11:03:47,Tokped sangat membantu saya untuk berjualan
Pengguna Google,5,2024-06-07 10:38:44,Terimakasih telah menjadi platform penyedia pelatihan prakerja. Saya sangat terbantu dengan berbagai banyak macam pilihan pelatihan.
Pengguna Google,5,2021-12-13 04:12:09,Sangat puas belanja di Tokopedia
Pengguna Google,5,2021-06-23 09:56:50,yes good
Pengguna Google,4,2021-08-14 06:46:40,Toko pedia mantap
Pengguna Google,5,2021-04-07 03:41:50,good
Pengguna Google,4,2021-11-19 11:53:37,promo
Pengguna Google,5,2021-09-29 12:58:34,Belanja online di seluruh Indonesia dengan memakai Tokopedia sangat membantu
Pengguna Google,3,2021-12-13 09:23:46,"Ini kalo ke kalimantan emang ga bisa COD ya? Udah cari toko yg bisa COD, tapi pas dibagian milih ekspedisi pengiriman/metode pembayaran tetep ga bisa COD😢"
Pengguna Google,5,2022-02-25 23:34:55,mntapzss
Pengguna Google,5,2024-01-26 01:58:03,Promo Pengguna Barunya Keren Euy 😍
Pengguna Google,5,2022-01-19 16:48:31,Menunjang usaha kecil.
Pengguna Google,5,2021-04-09 04:30:15,Sangat memuaskan
Pengguna Google,5,2021-04-01 09:28:35,bermanfaat
Pengguna Google,5,2023-11-15 17:01:38,Tdk jelas pengiriman AA miliknya dilacak Perjalanannya karangan investigasi 7hari lebih lama dari waktu estimasi Kalau digabungin bisa hampir 2 minggu wkwkw ya dah la last after all my orders recived
Pengguna Google,1,2022-06-24 16:22:40,"Banyak spam produk dan kata kunci Mencari barang jadi terhambat, tak jarang produk yg dicari hilang karna filter"
Pengguna Google,5,2023-01-19 07:27:19,keren banget
Pengguna Google,5,2021-09-14 11:23:45,Top
Pengguna Google,5,2021-04-12 13:34:47,sering belanja disini.... alhamdulillah tidak ada yg mengecewakan.
Pengguna Google,5,2023-11-12 16:52:30,jos
Pengguna Google,5,2021-06-22 03:48:51,"Hi Tokopedia.. tolong dong untuk keranjang jangan dibatasi pliss padahal bnyk bgt barang yg dipengen..masak cuman dibolehin 20 toko..udah pernah belanja dan gaada kendala.**tapi makasih bgt juga udah pernah ngundang Treasure,Nct,dll dan gandeng Blackpink & Bts ..** ♡(๑•ᴗ•๑)♡"
Pengguna Google,5,2022-01-29 13:10:16,"Cuma mau kasih saran saja,gimana seandainya tokopedia punya kurir sendiri"
Pengguna Google,5,2022-04-20 03:41:40,the best pokoknya
Pengguna Google,2,2021-05-27 05:29:11,Pake code susah
Pengguna Google,5,2021-05-18 23:33:16,aku lope tokopedia
Pengguna Google,5,2022-06-17 12:20:58,"Entah berapa dan apa aja yang udah dikorbankan Tokopedia. Sekarang saya bener2 menikmati belanja dirumah aja tanpa repot2 keluar waktu, tenaga dan bahkan uang lebih. Maju terus buat Tokopedia dan tim. Semangat terus, kerja kalian nggak sia2, insyaallah manfaat buat orang banyak 🙏"
Pengguna Google,4,2021-04-24 23:49:27,Hemmm toko onlane bagus
Pengguna Google,4,2021-11-25 08:08:21,sering* ya bagi belanja 0 rupiah nya
Pengguna Google,4,2021-04-26 18:21:41,Mantap
Pengguna Google,5,2021-05-02 16:58:24,nice
Pengguna Google,5,2022-01-19 07:22:45,"sangat membantu, dan terbaik👍💯"
Pengguna Google,5,2021-04-21 00:04:09,sangat menarik aplikasi ini
Pengguna Google,1,2022-09-18 16:37:34,Onkir nya mahalllllll
Pengguna Google,5,2022-02-23 00:24:03,Aplikasi bagusss Banyak pilihan barang
Pengguna Google,2,2022-02-06 11:16:30,pean ngenten
Pengguna Google,5,2021-08-02 11:29:35,Mantap gan
Pengguna Google,5,2021-08-05 15:27:16,Tolong COD nya di perluas lagi Karna saya belum menemukan barang yang bisa di cod
Pengguna Google,5,2022-05-02 11:57:19,Goodd
Pengguna Google,5,2021-08-25 23:17:46,Terimakasih tokopedia dengan saya beli pelatihan di tokopedia saya bertambah ilmu karena pelatihan di tokopedia mudah di pahami
Pengguna Google,5,2024-07-07 14:17:48,bnyak promo bagus bget
Pengguna Google,1,2021-06-25 12:17:03,Selamat malam ... Complain saya kemarin belum ada solusi .. gimna ya Ini keamanannya gimna ?? Akun saya ke hack .. ada transaksi bukan Saya
Pengguna Google,5,2021-07-15 12:03:58,good job
Pengguna Google,5,2023-09-02 00:36:45,mantap
Pengguna Google,4,2022-02-24 10:40:24,"tokped di pengiriman cpt nyampe tp di hrga produk nya lumdyan mhl"""
Pengguna Google,5,2021-06-25 03:59:43,Ckup baik
Pengguna Google,5,2021-10-20 06:34:28,jadi lebih mudah
Pengguna Google,1,2022-09-10 04:16:52,"Biaya 1000 rupiah harus dikenakan ke cuctomer juga sekarang. Apa karena sudah join dg goto, ini sama dengan aplikasi ojolnya semua kena biaya. Mulai dari tenant,mitra, dan pengguna dikenakan biaya tambahan. Tokopedia udah 100juta download, iklan, belum dari seller. Unisntall aplikasi customer, produk seller siapa yg mau beli?? Siapa yg rugi?? Siapa yang salah?? TUKANG RUJAK, Karena aquarium untuk tempat buah."
Pengguna Google,5,2021-11-21 21:24:21,bagusss
Pengguna Google,5,2021-10-03 12:52:00,Good
Pengguna Google,4,2021-07-16 14:31:37,good
Pengguna Google,4,2022-05-30 11:51:27,Mantap
Pengguna Google,5,2021-09-01 15:45:57,Keren
Pengguna Google,5,2021-04-01 09:27:41,Sangat baik dan membantu jadi lebih mudah
Pengguna Google,5,2021-03-29 07:29:42,Sangat baik
Pengguna Google,5,2021-05-04 20:57:10,Alhamdulillah sekarang akun saya sdh bisa menggunakan promo kembali.. Terima kasih yaa...
Pengguna Google,5,2021-11-14 15:02:33,Tokopedia mantap........terus tingkatkan lagi promo-promo nya serta bebas ongkir
Pengguna Google,5,2021-10-10 02:08:20,mantap
Pengguna Google,5,2021-09-01 17:58:59,mantul
Pengguna Google,5,2021-09-02 12:41:27,Bagus
Pengguna Google,1,2021-11-28 11:23:21,"Apalah nih toko pedia,tdi aku masuk google Masuk Kode Redem Tpi disuruh donlod toko pedia,udah kudonlod kok blom masuk dm nya"
Pengguna Google,5,2022-05-10 04:02:41,puasa bgt dpt traktiran dr tokopedia
Pengguna Google,5,2022-03-06 15:08:28,keerrreeennn. ternyata beneran dapat barang 0rupiah🤩
Pengguna Google,5,2021-08-19 08:19:01,suip..
Pengguna Google,5,2022-11-29 14:37:31,mantap
Pengguna Google,5,2021-07-23 05:58:11,Belanja online di Tokopedia tuh nyaman banget
Pengguna Google,5,2024-03-09 00:04:21,asangat mudah digunakan mudah dimengerti dan banyak vocer y
Pengguna Google,5,2021-04-16 18:05:00,prosesnya cepat
Pengguna Google,5,2022-04-12 04:55:40,Test dulu.
Pengguna Google,5,2021-08-09 00:24:46,"Selama belanja tdk pernah kecewa,respon cepat, produck sesuai gambar dan dikripsinya,harga jg bersahabat, mantap pool"
Pengguna Google,1,2022-09-04 08:08:51,Tiap pake sameday selalu bermasalah sama ongkirnya
Pengguna Google,5,2022-06-04 10:41:40,"Menurut ku selama belanja online paling nyaman dan ga was2 takut barang hilng/ga datang hanya di Tokopedia. Pernah kejadian beberapa kali barang hilang eh langsung diganti sesuai nominal barangnya. Pernah juga klaim karena barang ga datang2 eh sampai komplain selesai tapi saldo belum di refund sih, ternyata barang datang. Saya chat Tokopedia divitur chat itu langsung ditelvon sama customer service nya diperjelas dan diselesaikan. Bukan kayak si oren kasus ginian berkali2 ribet bngt ga brs2🤣🙏"
Pengguna Google,2,2021-04-12 08:14:29,Tdk tau lgi hrus omong ap
Pengguna Google,1,2021-11-27 09:02:58,Au ahhh males bahasnya
Pengguna Google,5,2022-10-12 05:37:19,good
Pengguna Google,5,2022-03-13 11:28:19,mantebbbb
Pengguna Google,5,2021-12-28 05:57:45,oke
Pengguna Google,5,2021-08-12 22:16:52,Mantap bagi bagi hadiah
Pengguna Google,5,2022-05-05 12:05:38,toko pedia the best.. ori karya anak bangsa diperbaiki lagi dong.. masuk kok donloadtan eror terus
Pengguna Google,5,2022-10-14 09:21:12,Trimkasi tokopedia.. Yg telah memberikn rekomendasi tuk sya ..
Pengguna Google,5,2022-08-24 06:23:51,TOP B G T
Pengguna Google,5,2022-02-09 17:14:27,Mantap dan pasti ngak kayak d lasada
Pengguna Google,5,2022-11-06 05:56:39,mantap
Pengguna Google,5,2024-02-23 05:20:07,puas
Pengguna Google,5,2021-04-07 16:17:44,Suka belanja onlaien yg penting cocok harga
Pengguna Google,5,2022-09-10 12:13:59,mantap toko pedia
Pengguna Google,5,2021-09-15 11:50:43,mantap
Pengguna Google,5,2021-12-23 13:36:35,good job
Pengguna Google,5,2022-07-31 13:13:52,ndak tau tanya ya kok tanya saya
Pengguna Google,5,2021-10-02 08:59:20,Belum pernah
Pengguna Google,1,2024-04-04 13:26:05,"Pengiriman sesama jakarta dari tanggal 31 sampe tgl 8. Gila ! Lebih lebihin kirim dari jakarta ke Bali. Percuma langganan plus, plus ampas."
Pengguna Google,5,2021-11-30 12:11:33,sedeng lah
Pengguna Google,5,2021-10-07 17:14:06,baguss bngett
Pengguna Google,5,2022-07-25 07:23:54,"mantap, di sini bisa pilih kurir 😅👍🏻"
Pengguna Google,1,2024-01-18 12:57:32,G bisa cod pntk
Pengguna Google,5,2021-10-30 12:39:34,Good
Pengguna Google,5,2022-02-19 13:08:01,Ok
Pengguna Google,5,2022-04-22 19:42:02,sangat bermanfaat dan bersahabat
Pengguna Google,5,2021-07-16 03:05:22,ok
Pengguna Google,5,2021-10-04 17:33:01,Ghik
Pengguna Google,5,2024-06-07 21:12:07,mantap toko pedia...
Pengguna Google,5,2021-08-19 11:44:08,Kakek gw bilang gg dan bagussss
Pengguna Google,5,2021-10-08 08:26:11,top bgt
Pengguna Google,5,2021-12-22 05:48:10,Ok
Pengguna Google,1,2023-08-09 20:51:00,"semakin lama semakin banyak biaya ini itu dan semakin kesini adminnya terkesan selalu memihak penjual kalau ada masalah. misalnya saya mengembalikan barang karena ditipu dikirim barang yg tidak sesuai, bukti ada apa2 ada, admin bilanf akan mencairkan dana saya 2x 24 jam tapi beehari hari tidak dicairkan"
Pengguna Google,5,2022-04-25 00:25:27,bagus bangett
Pengguna Google,5,2021-04-24 07:15:09,mantap teruuusss
Pengguna Google,5,2022-06-14 06:28:41,Biasa aja
Pengguna Google,5,2022-02-17 13:03:57,bagusssss
Pengguna Google,1,2023-04-08 14:27:12,Tidak bisa login. Padahal sudah ada balas WA dan sudah masukkan PIN
Pengguna Google,5,2021-03-29 14:56:07,top deh
Pengguna Google,4,2021-06-10 16:27:42,oke
Pengguna Google,5,2022-04-05 03:52:48,ok
Pengguna Google,3,2024-06-29 05:03:21,"Pengiriman nya lama banget,bisa 9 hari 😔"
Pengguna Google,5,2021-07-03 15:34:02,Ok
Pengguna Google,5,2021-09-23 12:23:15,Mudahnya beli pelatihan di tokopedia
Pengguna Google,5,2021-04-08 13:52:44,Aplikasi ini bagus banget
Pengguna Google,1,2024-06-03 03:05:12,Tolong dihapus ekspedisi ID Express karena lebih banyak merugikan customer dibanding menguntungkan customer
Pengguna Google,5,2023-05-02 14:09:05,mantappp
Pengguna Google,5,2021-04-13 00:25:32,"Mantap sangat membantu, belanja cukup di rumah aja"
Pengguna Google,1,2021-04-23 00:32:08,Bagus sekali
Pengguna Google,5,2022-01-07 02:18:44,bagusss
Pengguna Google,5,2022-03-04 07:20:05,luar biasa mantap
Pengguna Google,5,2022-01-13 10:36:08,baguss
Pengguna Google,2,2024-03-31 12:47:50,terlalu cepat waktu pembayaran hanya 2 menit
Pengguna Google,4,2021-08-15 04:35:43,Keren
Pengguna Google,5,2022-03-30 08:22:32,Sangat bagus
Pengguna Google,4,2021-08-15 11:19:47,"Nice, sayang kernjang tak boleh lebh dr 20 pcs"
Pengguna Google,2,2024-07-06 09:52:19,Mayan
Pengguna Google,5,2021-08-31 23:35:11,Sangat bermanfaat membantu dalam mencari macam macam kebutuhan 👍👍👍👍👍🙏
Pengguna Google,5,2022-03-28 09:52:16,Ok mntap
Pengguna Google,3,2024-04-19 11:43:44,Lambat
Pengguna Google,5,2021-11-10 16:13:58,suka belanja di Tokopedia
Pengguna Google,5,2021-11-07 15:20:26,mantap toko pedia
Pengguna Google,5,2021-06-25 15:55:29,Tokopedia memang selalu ada
Pengguna Google,1,2022-11-02 04:31:22,Kecewa sudah tidak gratis ongkir
Pengguna Google,1,2021-11-05 08:38:08,"Kok malah dituduh manipulasi transaksik, di menu pembayaran ada pilihan bebas ongkir dan bisa pilih diskon juga, udh dipilih dua²nya dan udh bayar juga malah dibatalkan karna dituduh manipulasi. Trs tarik saldonya hrs cair ke bank bkn gopay 👎👎👎👎👎👎👎👎👎👎👎👎👎👎👎👎👎👎👎👎👎👎👎👎👎👎👎👎👎👎👎👎👎👎👎👎👎👎 R I B E T"
Pengguna Google,5,2021-05-23 13:44:11,trimakasih..tokopedia selalu jaya
Pengguna Google,5,2023-07-24 12:49:38,"Gak nyangka ada saldo dari tokopedia, alhamdulillah sangat terbantu sekali bisa buat beli barang dibawah 50K hehehe"
Pengguna Google,5,2021-11-02 02:36:23,good
Pengguna Google,5,2021-09-17 06:45:45,okeeeeee dapet dong blanja Rp 0😍🥰🥰🥰🥰
Pengguna Google,5,2022-01-01 05:24:27,Mantap aplikasi bagus buat belanja
Pengguna Google,3,2024-03-06 02:57:05,"Kalau soal urusan mainan ,model kit,gunpla,dsb..tokoped memang lengkap..cuma promo gratis ongkir nya estimasi sampenya lama banget...kalah sama lazada dan shoppe..lazada estimasi dari pemesanan paling lama 3 hari sudah sampe..tolong di perbaiki"
Pengguna Google,5,2022-06-06 16:08:15,Pola transaksinya sangat mudah dan sangat membantu bagi masyarakat pedagang maupun masyarakat konsumen. 👍👍👍
Pengguna Google,5,2023-10-26 08:29:06,snggat baik
Pengguna Google,5,2022-03-28 12:31:06,belanja aman hebat mudah dan makin hemat
Pengguna Google,1,2022-03-06 14:36:06,Gak bisa bayar di tempat ( COD ) tolong untuk aplikasi ini bisa cod yah
Pengguna Google,4,2021-04-14 06:45:43,mudah prosesnya
Pengguna Google,5,2022-05-31 11:14:36,good
Pengguna Google,4,2022-05-19 01:38:48,Biasa aja
Pengguna Google,5,2023-07-26 05:17:31,sangat membantu
Pengguna Google,5,2021-08-05 15:42:12,bagus
Pengguna Google,5,2021-05-08 13:52:08,mantap
Pengguna Google,5,2022-04-25 20:14:35,mantap
Pengguna Google,5,2021-03-26 06:05:52,Menyenangkan pembelian mudah dan merasa senang dpt ilmu baru makasih tokopedia
Pengguna Google,5,2021-12-02 09:15:09,mantap
Pengguna Google,5,2022-02-17 00:41:11,bagus banget ..membantu banget
Pengguna Google,5,2021-09-20 12:40:34,mantap
Pengguna Google,5,2022-07-16 05:23:48,oke
Pengguna Google,5,2021-11-15 18:32:59,Ok
Pengguna Google,1,2023-01-12 17:05:54,Padahal pengguna baru kok pemesanan di batalkan alasannya akun ganda
Pengguna Google,5,2022-03-11 20:03:30,mantap
Pengguna Google,5,2023-06-10 19:47:32,sangat bermanfaat
Pengguna Google,5,2022-01-13 03:11:55,mantap
Pengguna Google,5,2023-12-14 15:17:27,Download Tokopedia karna iklan Kobo kanaeru😍
Pengguna Google,5,2021-10-18 17:35:31,good
Pengguna Google,5,2022-01-25 08:04:04,joss pokoee
Pengguna Google,2,2022-11-12 00:47:02,"Yang saya cari di Tokopedia ini dulu nya banyak promo seperti cashback coin dan free ongkir yg kedua nya bisa kami nikmati sekaligus saat bertransaksi, tapi sekarang terpaksa harus pilih salah satu sehingga mikir mikir lagi lagi kalau mau belanja di Tokopedia karna kebijakan sekarang tidak seperti dulu malah makin lama koq makin pelit sama pelanggan nya. Dulu kita tertarik belanja di Tokopedia karna bnyk promo, kalau seperti ini mending belanja offline aja daripada online."
Pengguna Google,5,2022-02-28 23:59:02,Belanja online asik
Pengguna Google,4,2021-10-18 03:25:20,baik.........
Pengguna Google,1,2024-01-19 03:39:51,"Baru kali ini sih kecewa belanja online lewat tokopedia, barang belum saya terima tapi status sudah selesai dan di antar depan pintu saya cari di sekitar halaman rumah tanya tetangga juga gd yg liat ada paketan saya, gimana ini tanggung jawab nya kurir juga gd konfirmasi wa antar barang gd bukti juga barang sampai depan pintu rumah saya mohon kejelasan barang saya di mana???"
Pengguna Google,3,2021-12-08 08:04:29,baik
Pengguna Google,5,2022-04-14 01:58:51,bener bener mantul tokopedia
Pengguna Google,5,2022-02-20 06:29:34,mantapp sukses selalu tokopediaa
Pengguna Google,5,2021-07-31 08:54:24,Barang datang tepat waktu dan baik
Pengguna Google,2,2021-11-06 12:35:32,Saya udah 3kali belanja di tokped selalu pembayaran di batalkan dan pengembalian dana harus lewat atm kenapa gak bisa ke dana atau ovo biar bisa dibelanjain lagi gak harus ke atm dulu agak ribet jadinya((
Pengguna Google,5,2021-08-29 05:20:35,Belanja di tokopedia sangat puas dan banyak diskon . Tokopedia juga bekerjasama dengan Kartu Prakerja jadi membantu kami para penerima Kartu Prakerja untuk mudah mengikuti pelatihan . Banyak pula pilihan mitra yg bisa dipilih . Terimakasih tokopedia .
Pengguna Google,5,2021-08-03 08:29:27,mantap
Pengguna Google,4,2023-11-23 05:07:12,ok gercep
Pengguna Google,1,2022-11-05 14:49:42,"Masa pake promo bisa gratis ongkir percuma donk promonya, mana tinggal didesa ongkirnya mahal"
Pengguna Google,5,2021-08-10 04:52:09,Bagus
Pengguna Google,2,2021-03-29 14:51:43,"Saya sangat kecewa karena tiba"" pesanan saya di batalkan dan voucher juga hilang."
Pengguna Google,5,2022-05-23 14:54:55,Ok
Pengguna Google,4,2021-10-25 14:09:50,banyakin promo sama potongan harga terus min 🤩😻 soalnya ibuu saya senangnya kebangetan kalo dapet promo
Pengguna Google,5,2021-06-29 20:27:22,barang gratis poko nya puas banget
Pengguna Google,5,2022-01-04 05:05:21,"Top,Belanja aman dan nyaman.🤗🤗"
Pengguna Google,5,2021-04-03 03:08:28,memuaskan untuk belanja yg kita butuhkan
Pengguna Google,5,2021-12-30 09:10:07,masok
Pengguna Google,5,2024-06-15 07:50:19,beli jam tangan Boboiboy Rp 385.000 total 412500 Rp 350.000 total 42000 murah
Pengguna Google,1,2023-01-04 16:44:10,Jelek
Pengguna Google,5,2021-04-01 05:32:17,Mantap gan
Pengguna Google,5,2021-04-09 11:09:49,top
Pengguna Google,1,2021-04-16 16:44:54,Mantap
Pengguna Google,5,2021-04-02 02:44:02,Mantap
Pengguna Google,5,2022-08-25 01:27:24,"Free ongkir tgl tua minimal blanjanya ko malah naik jd 20k bukannya di turunin jd nol rupiah kaya di olshop sebelah,malah tambah mahal,manjain konsumen dong biar nmbah bnyak konsumen yg blanja di tokped,mkasih"
Pengguna Google,5,2021-08-22 05:06:13,"mantap hadiahnya, 😘🤗 makasih tokopedia"
Pengguna Google,5,2021-06-15 23:16:31,Mantap dan good
Pengguna Google,5,2022-07-29 01:15:07,wani
Pengguna Google,1,2022-12-06 13:11:57,Pembohong
Pengguna Google,5,2023-11-29 06:28:42,banyak bonusnya
Pengguna Google,5,2021-04-18 12:54:54,Mantap
Pengguna Google,5,2021-11-29 13:04:48,memuaskan
Pengguna Google,5,2021-11-10 06:28:15,Bagus
Pengguna Google,5,2022-02-05 09:59:31,sukses terus tokped
Pengguna Google,1,2022-11-20 09:34:42,"Tidak tau mengapa sering ""aplikasi tidak menanggapi"""
Pengguna Google,5,2021-03-26 23:18:48,mantap sekali aplikasi ini
Pengguna Google,1,2021-10-29 03:06:33,Gmn nih penyelesaian barang yang salah kirim
Pengguna Google,1,2024-03-14 20:13:23,Marketplace Terburuk Yang Pernah Gw Kelanal 👎
Pengguna Google,5,2024-06-21 14:45:01,"belanja disini sangat aman, jika ada kendala dalam transaksi, uang bisa kembali lagi,,,,"
Pengguna Google,5,2023-12-19 04:48:04,bagus
Pengguna Google,1,2023-06-10 02:42:50,Payah call center lelet. Tidak ada solusi
Pengguna Google,5,2023-08-07 23:37:08,bagus sangat membantu sekali
Pengguna Google,5,2024-04-23 05:44:57,mantap pokoke
Pengguna Google,5,2024-06-06 14:24:36,Suka blanja.onlen
Pengguna Google,5,2021-04-24 01:46:46,"sudah 2x pesan ditokopedia hasilnya bagus no tipu"". pertahankan"
Pengguna Google,5,2021-12-13 14:51:38,"tokopedia memang jadi andala untuk kebutuhan berbelanja , terima kasih toko pedia"
Pengguna Google,5,2024-02-09 11:19:50,"bagus, pelayanan cepat"
Pengguna Google,4,2021-09-06 05:22:31,Mantaap
Pengguna Google,5,2022-01-05 01:21:30,mudah d gunakan
Pengguna Google,4,2021-03-26 03:37:25,bagus sangat membantu
Pengguna Google,5,2023-10-29 22:15:29,Like shopping online
Pengguna Google,5,2022-03-09 12:13:58,okk mantap
Pengguna Google,5,2022-02-05 17:38:48,mantap
Pengguna Google,2,2021-08-10 17:19:33,Sukses selalu
Pengguna Google,5,2021-10-24 03:27:57,ini tokopedia sangat hebat karena ada harganya RP0 sangat hebat
Pengguna Google,1,2024-07-05 08:48:35,Klo ga niat ngasi free ongkir ga usa rekomendasi ekspedisi ga becus kerja! Komplain tokopedia care tp sistem yg jwb dan muter2 jawab ga nyambung!!! 3x sy pake kurir rekomendasi sapx smp paket stuck 7 hari dan kemarin sy datang ke gudang sapx untuk ambil paket tp liciknya sapx update tracking dg bilg kurir agung nugroho antar pesanan dan dlm 5 menit paket diterima pembeli! Kurir tdk mau antar ke rmh..paket cm dsimpan..review tdk akan sy ubah! Uninstall aj toped merugikan pembeli ini!!!!
Pengguna Google,5,2021-08-28 12:10:48,"transaksi belanja di toped sangat mudah sekali ngk perlu repot"" harus ke atm lagi. makasih toped 😘"
Pengguna Google,5,2022-02-10 11:19:34,Nice ❤️
Pengguna Google,5,2021-09-20 03:27:52,mantap
Pengguna Google,5,2021-10-05 12:53:14,saya sangat puas
Pengguna Google,4,2021-04-05 06:19:38,respon cepat
Pengguna Google,5,2022-08-03 10:23:53,good
Pengguna Google,5,2023-12-29 21:55:27,"Dari dulu sampai sekarang tidak pernah kecewa dengan aplikasi ini ... Belanja apapun selalu di proses dengan baik dan selama belanja disini saya tak pernah kecewa barang, harga, dan kualitas number one 👍👍👍"
Pengguna Google,5,2021-03-25 04:35:04,sangat membantu dalam berbisnis
Pengguna Google,5,2021-05-25 10:06:32,☁😊☁☁😊☁😁☁ ☁😊☁☁😊☁☁☁ ☁😊😊😊😊☁😊☁ ☁😊☁☁😊☁😊☁ ☁😊☁☁😊☁😊☁
Pengguna Google,5,2021-08-03 02:21:08,#terimakasihtokopedia#
Pengguna Google,5,2022-03-03 11:31:42,mantap
Pengguna Google,4,2021-04-08 03:55:18,ok
Pengguna Google,5,2023-12-11 18:14:30,keren dan praktis
Pengguna Google,5,2021-04-23 02:51:40,seruu
Pengguna Google,1,2021-04-05 12:32:14,"Aplikasi buriq, semoga ngak maju, dan cepat tutup,"
Pengguna Google,5,2021-11-01 07:43:48,bagus bngt sukaa
Pengguna Google,5,2021-05-05 02:58:01,Bagus bnget Tokopedia memang best
Pengguna Google,5,2022-05-04 18:01:09,Ok
Pengguna Google,5,2023-05-18 01:14:10,"kemudahan transaksi, banyak promo nya... trims tokped"
Pengguna Google,5,2021-04-12 07:04:03,senang sekali
Pengguna Google,5,2021-09-20 22:55:29,aplikasi ini sangat jelek kan
Pengguna Google,5,2021-06-03 20:31:21,Ok
Pengguna Google,3,2021-10-20 11:51:01,"Macet Samsung Galaxy A32, aplikasi tertutup sendiri"
Pengguna Google,5,2021-07-13 12:56:06,Sangat membantu
Pengguna Google,5,2021-04-14 08:44:47,Kadang barang tidak sesuai dg d gambar yg kami inginkan..
Pengguna Google,5,2023-09-16 05:15:02,"Sangat Bermanfaat, Sukses Untuk Semua"
Pengguna Google,5,2022-06-13 12:08:32,mantap
Pengguna Google,1,2021-10-17 17:30:14,Katanya ada diamon gratis donlot TOKOpedia dapet diamon lalu Mana diamon sungguh memalukan Maka yg udah kalah saing sama supi bilang dong dan sama yg apk lainya
Pengguna Google,5,2021-04-30 09:35:23,Great
Pengguna Google,5,2022-01-08 10:26:29,terimakasih udah dikasih free
Pengguna Google,5,2022-06-13 15:22:54,mantap sekali
Pengguna Google,5,2021-07-17 09:50:27,Thanks tokopediaaa
Pengguna Google,5,2021-10-25 15:21:13,mantap
Pengguna Google,5,2021-11-13 16:27:08,Ibu rumah tangga
Pengguna Google,5,2021-11-16 06:41:34,Toko pedia keren
Pengguna Google,1,2022-02-18 14:39:53,"Lagi lagi dibuat kecewa sama produk palsu, padahal udah punya reputasi itu toko besar, masa kalah sama toko Abal Abal yang pakai fitur pro seler. Saya kira toko pro seler bisa diandalkan nyatanya malah bikin kecewa."
Pengguna Google,5,2021-03-25 00:51:56,keren
Pengguna Google,5,2022-04-21 11:46:53,bagus
Pengguna Google,5,2023-07-28 13:19:07,Mantap
Pengguna Google,5,2022-02-11 19:25:38,verry good
Pengguna Google,1,2023-01-19 03:37:55,Voucher pulsa gk jelas
Pengguna Google,5,2022-08-30 12:12:09,mantap
Pengguna Google,5,2021-09-05 15:43:08,Sukses terus....
Pengguna Google,5,2021-11-12 02:07:18,merasah puaaslah mantap👍
Pengguna Google,5,2023-02-08 21:28:39,ongkir betulan murah
Pengguna Google,2,2021-11-01 05:36:41,"Menyediakan kiriman instant, tapi penjual lambat banget respon, gabisa dibatalkan lagi... Kalo beli instant jelas lagi butuh banget 🤦‍♂️"
Pengguna Google,5,2022-01-26 05:27:45,Pelayanan sangat baik!
Pengguna Google,1,2022-02-28 03:41:04,Kaga suka
Pengguna Google,5,2022-11-04 05:18:36,Ok
Pengguna Google,5,2021-10-15 03:47:15,belanja ditokopedia murah bangetz
Pengguna Google,5,2022-03-31 12:30:05,Sangat bermanfaat
Pengguna Google,5,2023-11-01 13:46:25,oke
Pengguna Google,5,2024-07-19 09:56:25,Siipp
Pengguna Google,3,2021-08-19 13:54:31,Barang sampai baru bayar krna saya sudah pernah ketipu.
Pengguna Google,1,2021-04-23 04:46:53,"Sangat mengecewakan,... Kecewq beli pelatihan prakerja dari tokopedia... Benar benar mengecewakan.. Saran jangan beli di sini gaess."
Pengguna Google,5,2021-12-10 18:39:55,bagus
Pengguna Google,5,2022-01-01 06:15:20,Hdhdhdjjd emng bagus let in menarik fan vv jsjdo
Pengguna Google,5,2022-03-06 08:23:31,apk kintil
Pengguna Google,5,2021-03-27 00:36:51,"Hai Tokopedia, saya peserta prakerja dan sudah menyelesaikan pelatihan, pelatihan bagus dan sangat membantu terimakasih"
Pengguna Google,5,2022-09-14 11:23:28,Bintang 5
Pengguna Google,5,2021-10-07 13:20:17,mantap
Pengguna Google,5,2021-09-23 12:28:10,oke
Pengguna Google,5,2021-05-25 17:03:52,Mantappp
Pengguna Google,5,2024-06-19 12:57:07,Mantap
Pengguna Google,4,2021-05-24 04:01:09,Belum tau saya
Pengguna Google,5,2021-12-08 19:22:22,apk baik
Pengguna Google,1,2023-11-06 14:04:13,Kalo ada problem atau seperti barang hilang yg pernah saya alami sangat mengecewakan customer karna response admin dan seller nya LAMA BENER DAN GA ADA KETEGASAN DARI TOKOPEDIA.. saya saranin pindah apps lah udah beberapa kali ngalamin hal ini di sini...
Pengguna Google,1,2021-06-10 11:15:00,Cukup 1 bintang
Pengguna Google,4,2021-06-01 11:48:18,KK knapa saya Uda tinggal pilih metode pbayaran kok eg bisa ya KK tolong d bantu
Pengguna Google,5,2021-04-23 12:45:40,Baguss sekaliiiii👍👍👍👍
Pengguna Google,5,2022-02-24 04:58:15,Ok
Pengguna Google,5,2022-02-03 14:24:48,toko pedia asli org indonesia yg punya aku suka
Pengguna Google,5,2022-02-21 04:34:25,pokoknya sipp lah
Pengguna Google,5,2021-07-13 09:51:15,I love Tokopedia 💜❤
Pengguna Google,1,2021-04-16 23:17:08,Banyak bohongnya
Pengguna Google,3,2021-04-13 14:30:32,kenapa ya setiap buka aplikasi toped selalu lemot dan loading lama...padahal koneksi internet bagus buka olshop lain lancar aja
Pengguna Google,5,2021-04-04 12:10:03,Sangat bermanfaat
Pengguna Google,4,2021-12-20 14:17:01,bintang 4 dulu.semoga hasil memuaskan dan aplikasi selalu adakan 0% belanja wahh mantapp
Pengguna Google,5,2021-03-27 12:22:55,bagus
Pengguna Google,5,2021-10-15 13:52:08,bagus
Pengguna Google,3,2022-07-19 22:29:48,"Sering"" kasih gratis ongkir minim 20rb😁 ntar bintang *5 klo gada gratis ongkir gw ga beli"", jadi numpuk di wishlist😂. Ngikut event telur biat dapet gratis ongkir udah nunggu lama"" eh ga dapet juga"
Pengguna Google,5,2021-12-01 13:05:53,Recommended nih.. apalagi dapet gratisan buat pengguna baru🥰🤗🤗
Pengguna Google,5,2021-05-26 12:24:36,sangat bagus
Pengguna Google,4,2022-07-25 12:25:32,toped joss
Pengguna Google,5,2021-04-20 02:44:53,pembelian kelas prakerja di tokopidia cepettt bangett no ribet
Pengguna Google,5,2021-05-20 03:40:31,bagus banget
Pengguna Google,5,2022-01-24 20:04:07,sangat senang
Pengguna Google,1,2022-03-15 02:12:43,TOKOPEDIA TIDAK ADIL.
Pengguna Google,5,2022-03-22 23:07:11,cepat tepat 👌🏻
Pengguna Google,5,2021-08-05 13:48:12,Suka pesan ditoped😄🙏
Pengguna Google,1,2021-09-15 00:08:52,KecewA...
Pengguna Google,5,2021-12-04 22:44:16,"Tolong diperbaiki lagi, sering terjadi kegagalan koneksi, padahal untuk aplikasi lain bahkan streming baik-baik saja."
Pengguna Google,3,2022-08-02 12:29:43,Update kok tracking paket sll error..? Kok makin buruk?
Pengguna Google,5,2021-04-08 20:38:47,Nice
Pengguna Google,4,2022-04-30 05:17:18,mendekat lebaran kenapa promo ongkir gosend nya ga ada lagi ...
Pengguna Google,5,2022-02-06 13:47:09,klo belanja seneng banget klo di tokopedia.. banyak promonya..
Pengguna Google,5,2022-03-17 08:40:35,mantap
Pengguna Google,1,2024-06-10 09:20:27,tulisan bisa COD tapi pas dibeli ga bisa COD
Pengguna Google,1,2021-08-03 16:42:01,Di tokopedia dapat hadiah apakah bener bos ku
Pengguna Google,5,2021-04-13 15:57:02,mantap lah pokonya
Pengguna Google,5,2021-03-27 20:00:02,Good
Pengguna Google,5,2022-06-17 17:26:41,Bagus
Pengguna Google,5,2022-09-01 19:09:31,ok
Pengguna Google,1,2022-09-25 10:34:25,Saya sudah meng uninstal apk ini. Jadi tolong hapus data saya. Kalo terjadi apa2 saya gamau tau
Pengguna Google,5,2022-10-10 00:38:31,baru download langsung dpt traktiran gratis....tokped ok bingit pkoknya
Pengguna Google,5,2021-05-20 19:11:33,oke bgt marketplace tokopedia.barang bagus2
Pengguna Google,1,2021-06-18 12:03:34,"seharusnya ditingkatkan lagi udah bayar trus di batal oleh Tokopedia nya, kena s&k seharusnya ada pemberitahuan sebelum bayar, jadi kena biaya admin"
Pengguna Google,5,2021-05-25 13:06:51,Alhamdulillah lancar
Pengguna Google,5,2021-09-05 19:28:07,saya suka
Pengguna Google,5,2023-08-23 02:42:10,mamtap
Pengguna Google,5,2021-11-25 21:25:28,WOWOWWW DAEBAKK!!
Pengguna Google,5,2021-12-24 01:34:59,Setelah pakai gopay jadi lebih enak pakainya
Pengguna Google,5,2021-04-07 00:45:04,Mntul
Pengguna Google,5,2022-01-18 08:09:02,tokped juara
Pengguna Google,5,2021-09-03 04:11:10,sangat bermanfaat dan baik sekali
Pengguna Google,4,2021-12-07 08:30:31,Alternatif lapak online yg terpercaya..
Pengguna Google,5,2022-05-29 22:28:44,aplikasi jual beli yg ok
Pengguna Google,5,2021-12-06 02:53:42,mantap
Pengguna Google,4,2022-02-17 06:39:57,simple
Pengguna Google,1,2022-01-23 09:22:23,Baru download tmn bilang beli botol minumam di toko R bocor gk bisa retur hapus lagi aja deh
Pengguna Google,1,2021-04-07 04:40:44,"Ribet... Refund pengembalian pun diluar Admin yg kita bayar diGerai"" tertentu... merasa dirugikan dg proses sepihak pemesanan tanpa ada komfirmasi terlebih dahulu... sistem bobrok"
Pengguna Google,5,2021-05-07 12:48:22,Harga yg bagus
Pengguna Google,5,2021-11-20 00:00:38,asal gratis
Pengguna Google,5,2021-06-27 10:17:14,Tepat belanja online yang tepat
Pengguna Google,5,2021-06-20 23:31:40,good
Pengguna Google,5,2021-09-24 23:06:57,ok
Pengguna Google,5,2021-03-31 02:33:42,Bagus apk nya bisa beli robux ini bagus oi
Pengguna Google,5,2022-01-25 12:17:21,mantap
Pengguna Google,5,2021-05-24 10:51:16,mantap
Pengguna Google,5,2022-01-16 04:18:08,pokoknya top dehhh
Pengguna Google,5,2021-09-02 00:37:15,sejauh ini Tokopedia ok bngt...
Pengguna Google,1,2022-11-02 03:26:13,Ngakak brutal
Pengguna Google,5,2021-09-18 21:29:51,Top
Pengguna Google,2,2022-02-19 01:53:34,kurang diskon
Pengguna Google,5,2021-10-24 19:11:29,terimakasih
Pengguna Google,5,2021-07-24 23:09:31,mantap
Pengguna Google,4,2022-10-27 00:03:09,banyakin gratis ongkir
Pengguna Google,5,2021-05-01 19:21:48,Bonus nya gooddfffghhg
Pengguna Google,2,2021-11-06 23:30:44,Min tolong banyak ini gratis ongkir dong jangan diskon saja
Pengguna Google,5,2022-02-02 16:37:39,terbaik
Pengguna Google,5,2021-08-15 17:13:07,Ma ap saya ga tau ga sekolah
Pengguna Google,5,2021-10-05 04:13:07,Belanja di tokopedia lebih mudah dan cepat. Gak perku ribet dan banyak promo menarik
Pengguna Google,5,2021-10-18 15:00:35,Sip ini aplikasi
Pengguna Google,5,2021-09-10 14:28:03,Smoga aku dapet giveaway
Pengguna Google,5,2021-03-30 02:57:03,Terima kasih voucher nya
Pengguna Google,5,2022-06-30 07:47:57,Oke. Mantap.
Pengguna Google,5,2021-07-03 17:24:42,bagus
Pengguna Google,5,2021-04-16 07:05:02,Bagus sekali
Pengguna Google,5,2021-10-19 10:26:44,good
Pengguna Google,5,2023-05-14 07:19:05,terbaik pakai gopay
Pengguna Google,5,2021-09-21 12:36:09,mantap
Pengguna Google,5,2021-03-28 01:09:36,Baguss
Pengguna Google,5,2021-05-04 07:27:07,Good
Pengguna Google,5,2021-07-07 07:52:49,Kerenlah
Pengguna Google,4,2021-09-03 12:09:48,👍👌
Pengguna Google,5,2021-04-07 04:39:58,mantap
Pengguna Google,3,2021-05-30 08:22:48,Mending belanja online di shopeeee
Pengguna Google,5,2024-03-22 12:27:16,good
Pengguna Google,5,2022-03-18 21:41:51,mksi traktirannya
Pengguna Google,1,2024-03-06 07:18:34,"Jahat banget Tokopedia, padahal saya cuma pesan parfum evangeline, tapi dibatalin oleh sistem, nggak tau kenapa disitu di kasih keterangan ""Dibatalkan karena melanggar syarat dan ketentuan"" padahal jelas jelas saya cuma pesan parfum,dan lebih jahat lagi produknya udah saya bayar lewat Alfamart tapi pas dilihat di Tokopedia nya, kok dibatalin, kaget plus kecewa, kok jdinya gitu tokped? Cuma mau beli parfum loh, mana voucher satu satunya lagi, kalo voucher nya dikembalikan sih masih bisa di maafin"
Pengguna Google,4,2021-04-23 13:54:20,Min.. kok saya gk ada kendala teknis?
Pengguna Google,5,2021-06-29 21:49:34,bagus cepet manteb
Pengguna Google,5,2022-01-10 01:55:35,blm begitu paham Krn blm biasa PK Tokopedia
Pengguna Google,5,2021-04-18 07:05:14,"Belanja lengkap di toko pedia, mantab.."
Pengguna Google,5,2021-07-17 23:55:28,lumayan buat pengguna baru bisa dapet barang gratisan. pertama nyoba belanja pake tokped. mudah2n bener ini barang nyampe kalo beneran nyampe mau belanja lagi asal bayarnya bisa cod pula
Pengguna Google,5,2022-01-27 12:06:40,"Singkat, Padat, Aman Pokok Nya disini Murah Dehh"
Pengguna Google,5,2021-10-26 05:48:33,top markotop tokpedmwah nrmmrritjf
Pengguna Google,2,2022-02-07 05:23:23,Bintang 1 dlu soalnya baru buka tokped
Pengguna Google,5,2022-06-17 14:31:53,aplikasi terbaik👍👍👍👍👍
Pengguna Google,1,2022-03-01 16:42:32,Selalu tidak memenuhi syarat promo .. katanya melanggar syarat dan ketentuan padahal tdk ada syarat yg dilanggar
Pengguna Google,5,2022-05-21 11:21:35,Mantap
Pengguna Google,1,2024-07-09 03:43:35,"estimasi tiba max tgk 7 ini udah tgl 9 di cek d tokped msh stag d tambun dr tgl 5 gak gerak paket nya semakin ampas aja tokped,Keluhan nya sama maslah gratis ongkir percuma gratis kalo pengiriman sangat lama 🙃 td chek out belanjaan pakai 3 vcr d tumpuk berhasih tiba2 1 menit kemudian di batalkan sistem, eh order ulang vcr gak berlaku 🥹 makin ada2 aja tokped semenjak sama tiktok"
Pengguna Google,5,2022-08-09 15:37:59,Maaf tokopedia bisa DOD gak
Pengguna Google,5,2021-05-25 14:25:32,Mantaaap
Pengguna Google,5,2021-09-24 07:04:24,sangatlah mudah
Pengguna Google,5,2022-04-20 12:38:12,wow
Pengguna Google,5,2022-06-20 15:13:01,Baik
Pengguna Google,5,2021-07-11 05:37:04,oke
Pengguna Google,3,2022-05-09 14:52:33,Kenapa pas waktu mau mengganti alamat susah sekali padahal biasanya bisa
Pengguna Google,5,2021-12-09 12:39:17,Wes ok
Pengguna Google,5,2021-04-16 05:52:24,"lebaran sebentar lagi, banyak bonus ditokopedia"
Pengguna Google,5,2022-05-30 14:03:18,"Sekarang payah, susah sekali gratis ongkir"
Pengguna Google,5,2022-02-26 09:24:51,mantapssss
Pengguna Google,5,2021-09-23 22:13:53,"Belanja disini banyak diskon,ada gratis ongkir dan traktiran pengguna.baru,,trimakasih"
Pengguna Google,5,2021-06-10 02:25:36,Ok
Pengguna Google,1,2021-08-31 11:36:33,"Tolong Ovo Dihidupkan Lagi,?"
Pengguna Google,4,2021-05-20 10:48:03,Sy ksh rating 4 dulu.nanti kalo bagusan lagi tk tambahin ratingnya
Pengguna Google,1,2021-06-27 10:39:52,"Baru daftar pengguna baru katanya dapat traktiran, ini baru mau logout pembayaran langsung gabisa. Pelit nih mending lazada sama shopee"
Pengguna Google,5,2022-03-08 04:38:07,mantap belanja di sini
Pengguna Google,1,2023-03-11 14:08:24,Belanja di tokopedia pengiriman jadi sangat lambat. Dulu jakarta semarang cuma 3 hari. Sekarang bisa seminggu. Dari wonosobo ke semarang 10 hari. Haddehhh....
Pengguna Google,5,2022-02-21 13:24:51,mantapp
Pengguna Google,5,2022-02-17 16:43:21,Kayanya enak belanja di Tokped
Pengguna Google,5,2021-09-18 13:06:49,makasih banyak dpt barang gratis
Pengguna Google,5,2021-04-24 11:42:38,Aplikasi nya bagus baaaangeeeet
Pengguna Google,2,2021-04-08 01:34:11,Es d seqq 💋💋👻
Pengguna Google,5,2021-10-21 12:14:12,tokpet kerennnnn
Pengguna Google,5,2021-08-17 02:37:50,oke
Pengguna Google,1,2021-04-16 03:50:14,"Tokopedia taikkkkkkkk, ktnya diskon tpi refund dana muluuu goblokkkkkk"
Pengguna Google,5,2021-09-27 12:57:55,Bagus banget
Pengguna Google,5,2022-06-22 10:41:24,Tokped memang OK! Belanja puas harga pas ...gak sama toko2 yg lain...yg lain mahk mahal tokped mahk teejabgkau barang berkualitas
Pengguna Google,5,2022-03-11 00:57:59,"Sekarang cash backnya lebih sedikit, ga kaya sebelumnya, padahal iklan di tv lg jor2an masa cash backnya sedikit bgt"
Pengguna Google,1,2023-07-27 14:54:07,BURUK
Pengguna Google,5,2021-04-04 18:48:39,"trimakasih,sangat mudah dan menbantu"
Pengguna Google,4,2022-01-12 06:25:03,cukup puas
Pengguna Google,1,2021-05-24 16:23:04,Mengecewakan....
Pengguna Google,1,2022-02-15 05:08:05,Gratis ongkirnya mesti 50 gak bisa 30 dan enakan jaman dulu pakai ovo skg pke gopay ribet gak bisa disatuin bayarnya
Pengguna Google,3,2023-07-27 11:17:34,tolong untuk pembayaran cod dikembalikan karena saya tidak bisa lagi cod. mohon untuk mengaktifkan kembali fitur cod saya kembali
Pengguna Google,5,2022-08-17 05:23:16,Lebih nyaman pake Tokopedia drpd aplikasi sebelah... Maju terus yaa tokped
Pengguna Google,5,2021-09-13 02:44:08,Mantap beli ditokopedia murah dan terpercaya
Pengguna Google,5,2022-01-12 03:49:40,kereeen
Pengguna Google,5,2022-07-16 04:07:23,Bagus pelayananbya
Pengguna Google,3,2021-06-23 03:12:27,Baik
Pengguna Google,5,2021-03-26 05:44:05,Good..i like
Pengguna Google,1,2022-05-16 01:49:33,Mengecewakan pengaduan dipersulit... Sangat sangat mengecewakan kurir yang tidak kompeten di jadi in kolega si lambat
Pengguna Google,1,2021-12-23 14:59:46,Saya mau coba dulu.. Apa bner dikon gede gedan
Pengguna Google,5,2024-07-03 09:31:25,aplikasi nya bagus apalagi ada diskon bagi pengguna baru terus kalo ada diskon besar besaran harganya jadi murah murah semua😍
Pengguna Google,1,2024-05-23 08:14:56,"Kurir rekomendasi? Oh maksudnya Paket diover sana sini gitu, paket dah sampe kalimantan eh pas akhir estimasi malah balik ke jawa lagi, gimana ceritanya itu udah hampir 10 hari dan lewat estimasi pengiriman paket masih belum jelas statusnya"
Pengguna Google,5,2021-12-11 16:09:34,makasih dm ff nya y
Pengguna Google,1,2022-11-09 05:28:35,"pelayanan cs buruk, kayak bicara ama robot gak ada solusi"
Pengguna Google,1,2021-04-02 00:39:53,Barang tdk sesuai dg gambar
Pengguna Google,5,2022-02-28 07:42:17,Apaan nih kok ibu saya mau belanja malah suruh aktifin gopaylater aneh perasaan dulu gak kayak gini dah
Pengguna Google,5,2021-04-27 15:26:50,Belanja Online paling Nomer 1 di Indonesia
Pengguna Google,4,2021-07-19 11:12:48,Lumayan
Pengguna Google,3,2022-02-22 17:01:57,Ok
Pengguna Google,5,2021-11-08 07:58:20,Mantap
Pengguna Google,5,2023-05-22 01:40:47,trimakasih
Pengguna Google,5,2022-12-05 08:46:45,oke. lancar semuanya
Pengguna Google,5,2021-04-03 12:27:51,"Terimakasih tokopedia sebagai mitra pelatihan untuk lembaga pelatihan skill academy, prosesnya sangat gampang, pelatihan yang saya ikuti sangat bermanfaat dan menambah pengatahuan baru untuk berbisnis, terimakasih tokopedia, prakerja dan skill academy"
Pengguna Google,1,2022-05-30 17:04:59,"kenapa si, sebagian produk ga bs ditampilin di android"
Pengguna Google,5,2021-06-19 08:09:37,Layanan mudah berbelanja
Pengguna Google,5,2024-03-16 06:04:55,mantao
Pengguna Google,3,2022-10-26 01:44:26,lemot
Pengguna Google,1,2023-05-09 00:50:45,Selamat tinggal Tokopedia biaya jasa n biaya aplikasi membuat kami meninggalkan mu..kami aplikasi pake hp sendiri ngetik sendiri n pake kuota sendiri.donload aplikasi sendiri ko ada biaya jasa n aplikasi..lucu amat
Pengguna Google,1,2022-09-15 13:40:53,"Padahal pengguna baru, malah di bilang bulan pengguna baru Kntol la"
Pengguna Google,1,2023-01-25 07:11:26,Kecewa dengan Tokopedia selalu setia dengan Tokopedia tapi hari ini saya di kecewakan oleh Tokopedia
Pengguna Google,5,2021-08-18 22:48:07,Tokopedia salah satu yang terbaik belanja online baik kwalitas barang maupun pelayanan semuanya sangat baik
Pengguna Google,5,2023-07-05 00:58:59,"setelah beberapa lama saya tinggalkan gojek krn kendala akses dg Tokopedia. setelah saya kembali lagi akhirnya bisa nyambung ke tokopedia, terimakasih 🙏🏼"
Pengguna Google,5,2022-01-14 14:44:54,Ok
Pengguna Google,1,2023-03-05 01:12:20,Sesuai bintang aplikasi jelek. Penipuan brang ga real TDK sesuai deskripsi Barang yg rusak paking gambar rapi slalu rusak sampai konsumen dll
Pengguna Google,5,2021-12-23 14:59:22,mantap sekali Tokopedia
Pengguna Google,5,2021-10-14 05:37:48,Event ff 🤗
Pengguna Google,5,2021-10-21 23:35:34,Selama ini lancar-lancar aja.. gak ada halangan harungan naon-naon.
Pengguna Google,3,2021-11-08 02:31:39,"kalau topup tapcash bisa, tapi cek saldo tapcash tidak piye iki?"
Pengguna Google,5,2021-05-30 19:33:43,mantap
Pengguna Google,1,2023-01-24 03:28:47,"Unistal......,.......... By"
Pengguna Google,5,2022-01-14 16:48:58,gl bhong belanja 0 rp ternyata bneran
Pengguna Google,5,2022-07-29 20:26:26,Ok feh
Pengguna Google,5,2021-04-01 13:48:36,mantapp sekali
Pengguna Google,5,2021-11-21 17:25:12,nuhun
Pengguna Google,4,2021-07-29 10:18:31,good
Pengguna Google,1,2024-01-30 11:23:44,"Proses komplain terkait barang hilang, prosesnya lama bgt. Saya ajukan komplain dari tanggal 3 JANUARI, lalu tgl 5 saya kirim dokumen yg diminta, tapi sampai sekarang statusnya masih memverifikasi dokumen. TERLALU LEMOT DAN BERTELE, DAN SALDO SAYA SAMPAI SKRG BELUM BALIK HEHEHEHEE."
Pengguna Google,5,2022-01-26 10:58:22,Terima kasih tokopedia
Pengguna Google,5,2022-06-08 18:55:09,Jayalah terus
Pengguna Google,5,2022-12-15 02:50:08,Saya suka belanja Tokopedia banyak gratis ongkir
Pengguna Google,1,2021-10-30 02:29:17,Semakin tidak menyenangkan berpindah ke gopay. Transaksi gak bisa. Sudah terlanjur isi saldo. Komplain k tokopedia care juga sama aja.... Payaaaaahhh!!!!!!
Pengguna Google,1,2021-05-28 05:24:04,"Kesel banget, masa mau pake promo pengguna baru gk bisa, katanya karna ada indikasi penupuan atau kesamaan identitas, emang saya pake identitas siapa?? Kok gk ada pemberitahuan di awal kalo akun saya ada kesamaan sama pengguna lain, fix ini cuman manipulasi buat narik pengguna baru doang, auto uninstal setelah pengembalian dana, by tokped gk jadi pindah ecomers 💔"
Pengguna Google,5,2021-08-09 23:02:07,"bagus, tiap kali belanja cepat pengirimannya"
Pengguna Google,5,2024-06-28 14:05:49,mantap
Pengguna Google,5,2021-08-26 13:27:29,Tokopedia is the best lah
Pengguna Google,5,2021-10-23 03:40:29,Banyak diskonnya👍
Pengguna Google,5,2021-08-25 17:07:54,Sangat memuaskam
Pengguna Google,5,2022-04-24 13:34:16,Good
Pengguna Google,5,2021-06-28 05:07:09,tokopedia sangat mmbantu n cepat...trimakasih banyak yaaa...baroqAllah
Pengguna Google,1,2021-06-14 06:49:43,Mantul
Pengguna Google,4,2021-08-26 07:12:36,Lumayan
Pengguna Google,5,2021-04-03 01:12:32,ngeten👍
Pengguna Google,1,2024-03-25 12:02:00,"skrg toped gk seperti dulu,cpt dan akurat.bahkan penjualnya sekarang seenak jidatnya org mau batal malah didiemin bahkan chat gk di gubris....kebanyakkan jual gk sesuai dengan pesanan.dah gk bisa dipercaya lg 100%"
Pengguna Google,5,2021-09-01 07:39:44,tokped mantap
Pengguna Google,5,2021-08-29 00:34:33,Josss
Pengguna Google,5,2022-07-29 04:21:09,slebew
Pengguna Google,5,2022-09-04 10:12:34,Tokopedia jos
Pengguna Google,1,2024-07-05 22:35:23,Penanganan masalah nya lama
Pengguna Google,1,2022-04-03 12:40:58,Saya baru sekali transaksi malah di batalin alesan memanipulasi kan gajelas amat Tokopedia
Pengguna Google,5,2023-01-13 06:52:52,"Mudah untuk bertransaksi, tapi sayang jarang bgt ada promo nya ga kaya toko orange"
Pengguna Google,5,2021-10-15 00:21:13,berlimpah promo dan diskon
Pengguna Google,4,2024-06-01 09:13:21,"sejauh ini bisa paling bisa diandalkan. tapi sekali ada keluhan minta ampun prosesnya, sudah mau 2 bulan tidak kelar2 padahal dana yg bermasalah cukup besar."
Pengguna Google,2,2022-10-10 11:18:03,"Cek pesanan,keberadaan tidak jelas,tolong agar keberada nama kota biar jelas dilacak,sepeeti shoopee"
Pengguna Google,5,2022-05-29 04:47:40,"Shopping Easily, Fast and Secure. Very Good app."
Pengguna Google,5,2021-11-18 15:57:36,good
Pengguna Google,5,2021-05-24 20:29:19,Puass
Pengguna Google,5,2021-09-08 01:02:17,Kereeeen
Pengguna Google,5,2021-08-09 07:03:20,"Tokopedia is the best, pelayanannya oke, tidak mengecewakan pelanggan pokoknya mantul, sering-sering aja promo dan diskonnya"
Pengguna Google,3,2023-04-05 06:55:00,Sekarang ribet saldo toko pencairannya lama
Pengguna Google,1,2022-11-02 04:48:44,"kocak promonya jd pisah² apaan dah, jangan begitu lg ya lain kali"
Pengguna Google,4,2022-02-26 15:18:55,baik banget
Pengguna Google,5,2024-05-24 12:17:32,mantap terbantu sangat
Pengguna Google,5,2022-05-29 14:25:51,Bagus banget
Pengguna Google,1,2021-05-14 10:13:22,saya ngak bisa install lamaaaaa banget
Pengguna Google,5,2023-08-25 14:51:14,"baru pertama kali nyoba, semoga bisa dipercaya untuk bisa beli barang online 🙏"
Pengguna Google,1,2022-07-14 06:10:41,Pesanan tiba-tiba dibatalkan 👎
Pengguna Google,5,2022-05-03 03:00:30,mantaps😘😍
Pengguna Google,5,2021-03-30 03:15:36,olshop plg mantap
Pengguna Google,5,2021-06-03 06:17:01,"aplikasi paling gampaaaang...gk ribet, mantuuull"
Pengguna Google,2,2021-08-31 10:43:57,"Saya beli voucher prakerja ,tapi gagal dalam transaksi dan saldo prakerja saya terpotong ,padahal transaksi nya gagal dan saya tidak mendapatkan kode voucher nya , ini bagaimana tolong bantu?"
Pengguna Google,5,2022-08-16 22:36:27,Aplikasi ini sangat membantu bagi sy yg kadang butuh sesuatu tp malas tdk klr rmh
Pengguna Google,5,2022-03-13 05:41:31,Mantul
Pengguna Google,5,2021-08-31 19:49:16,semoga bermanfaat
Pengguna Google,5,2022-01-07 11:15:46,mudah dan cepat
Pengguna Google,1,2024-02-10 08:22:29,Aplikasi Tokopedia saya gak bisa pakai promo .....buat apa ngasih voucher tapi gak bisa dipakai
Pengguna Google,1,2023-11-11 09:24:35,Sulit ketika mau komplain ke ekspedisi atau seller dan nunggu lama penanganannya
Pengguna Google,1,2022-12-02 02:27:30,Apk ini tidak menguntungkan pembeli masa gada masalah tiba2 Cashback tidak di beri dg alasan yang tidak jelas
Pengguna Google,5,2022-01-05 09:31:14,baik banget
Pengguna Google,1,2023-05-30 03:22:51,Goto ( gojek tokopedia ) biaya layanannya gak masuk akal... Mending Pindah ke lazada dan grab enaknya
Pengguna Google,5,2021-04-02 10:30:51,mudah di gunakan
Pengguna Google,5,2021-03-31 04:30:22,",sangat memuaskan"
Pengguna Google,5,2021-04-01 12:40:02,cepat sekali
Pengguna Google,5,2022-02-22 01:56:29,Suka
Pengguna Google,2,2022-07-21 04:11:26,"Tolong untuk exspedisinya di ganti atau di perbaiki,,seringkali lama dan pembatalan pengantaran ke pelanggan pada waktu yg telah di tetapkan"
Pengguna Google,5,2021-06-08 11:18:43,"Cepat dan terpecaya.Produknya banyak dan original . Harganyapun bersahabat , bukan kaleng kaleng ."
Pengguna Google,5,2022-05-07 11:08:13,senang berbelanna di Tokopedia selama banyak uangnya 😀
Pengguna Google,5,2021-11-10 01:27:07,bagus
Pengguna Google,1,2021-05-23 00:56:53,Ini gimana sih tokopedia u dah di instal 100%lagi malah ulangin
Pengguna Google,1,2023-05-14 05:47:52,"Ayo dong perbaiki layanannya, tingkatkan koordinasi dengan seller dan ekpedisi ( layanan expedisi yg sering bermasalah kurang ada tindakan apa apa) konsumen tidak dapat kompensasi apa apa. Jangan sampai kalah dengan layanan tok tok yang siap salip"
Pengguna Google,2,2022-03-05 05:02:27,Kenapa mendownload lama ya
Pengguna Google,5,2022-03-13 09:58:01,mantab
Pengguna Google,5,2021-08-18 09:32:09,Hemm ak dapat hadiah Benarkah ak dapat hadiah Kalo benar artinya tokopedia tidak hoax
Pengguna Google,1,2022-01-22 17:34:21,Toko pedia anjinggg Luh iklan babi
Pengguna Google,5,2021-09-03 04:06:37,Baik dan benar
Pengguna Google,1,2021-04-30 20:42:59,"Udah instal n pesen barang,,taunya pesen 2 barang yg dikirim cmn 1,udah gt ga ada respon dari si penjual. Barang dibayar 2 yg dateng cmn 1!!! Kynya sengaja penjualnya. Kapok pake aplikasi ini. Sampe skrg ga ada balasan apapun. Jd saya uninstal aja! Ga guna!! Bikin kecewa!"
Pengguna Google,5,2021-08-29 03:44:31,Sangat membatu
Pengguna Google,4,2021-08-25 13:57:14,tokped mantap
Pengguna Google,5,2022-07-30 11:48:41,siip
Pengguna Google,5,2021-10-18 10:20:51,wow murah banget
Pengguna Google,5,2022-05-04 11:40:11,bagus
Pengguna Google,5,2023-11-03 13:22:58,tambah banyak dong promo nya 😁😃😁
Pengguna Google,5,2022-02-04 16:01:31,good job
Pengguna Google,2,2022-03-13 14:29:01,"Tolong dong no HP dilindungi,, no pribadi ku kok jadi dapet spam dari orang ga di kenal ya,,apa emang di sini juga jualan data orang-orang yg mampir ke sini?"
Pengguna Google,5,2021-08-13 23:59:54,Aku suka Tokopedia 😘😘😘😘🙃
Pengguna Google,5,2021-04-24 14:11:48,Mantap
Pengguna Google,1,2022-09-17 07:26:52,Jelek
Pengguna Google,5,2021-06-25 06:49:53,bagus
Pengguna Google,5,2021-09-27 11:12:17,"Hallo kak terimakasih masukan nya ya kak, semoga pengalaman ini bermanfaat bagi semua pelanggan tokopedia."
Pengguna Google,5,2022-02-08 17:51:39,belanja tanpa ribet ya di tokopedia
Pengguna Google,3,2022-07-14 06:25:21,Belanja yuk 🗿🙏
Pengguna Google,1,2022-07-25 09:05:12,"Knapa slalu disaat saya beli pake voucher promo yg diskonnya gede (90% keatas) slalu pas sudah saya bayar lngsung di cancel otomatis dan saldo lngsung kembali dan voucernya sudah terpakai? Sering saya ngalami seperti ini, vouchernya cuma GIMMICK kah?"
Pengguna Google,1,2021-11-05 19:40:59,Wooww.... Tolong di perbaiki sistemnya. Dari kemarin mau cek out ga bisa. Semenjak kerjasama dengan gopay. Tokopedia jadi parah. Saya sudah 7 tahun langganan baru kali ini ngrasain kecewa di Tokopedia.
Pengguna Google,5,2022-11-18 18:07:59,Aplikasi semakin bagus.tingkatkan terus pelayanan nya.terimakasih
Pengguna Google,5,2021-06-26 05:12:24,Benarkah saya dapat vocer tokopedia
Pengguna Google,5,2021-11-16 18:25:19,mantap.....
Pengguna Google,5,2021-09-08 22:05:05,Bagus aplikasihnya
Pengguna Google,5,2021-09-25 10:26:35,bagus
Pengguna Google,5,2024-03-05 16:21:25,Sangat bermanfaat
Pengguna Google,5,2021-07-21 09:09:23,Mudahan bisa COD semua barang
Pengguna Google,5,2022-03-30 20:29:51,Terimakasih sudah merespon Instalan Email. Kami.. tq..
Pengguna Google,5,2021-03-31 13:33:33,"sangat memuaskan. tokopedia, bisa belanja cepat dan nyaman."
Pengguna Google,5,2022-02-07 04:14:08,bagusss ... bru pake sih.. tp cepat transaksi
Pengguna Google,5,2024-02-28 11:23:53,maaci
Pengguna Google,5,2021-05-10 11:29:33,mantap sekali
Pengguna Google,1,2021-04-14 06:03:38,Kepana trx token nya pas menu bayar ngak muncul2 nge bag
Pengguna Google,5,2022-08-02 14:36:28,mantab sanjaya
Andri official,5,2021-03-24 15:46:43,semoga tambah sukses
Pengguna Google,5,2021-12-13 09:03:26,ok
Pengguna Google,5,2022-08-03 15:53:05,sippp banget
Pengguna Google,5,2021-10-02 07:02:40,Berguna bgtt
Pengguna Google,1,2021-06-10 17:37:18,Apk apa ini ribet banget gue udah cape cape bayar ke alfa terus di batalin udah gitu pas mau di tarik saldo ribet nya minta ampun . Apk nyusahin
Pengguna Google,4,2022-04-13 06:02:37,mksh Tokopedia
Pengguna Google,1,2023-09-16 23:34:45,1.kalau kita pakai semua vocher dan diskon tidak bisa sistem cod walau ada sistem cod 2.kalau kita pakai vocher dan diskon pembelian kita dibatalkan oleh sistem(tokopedia) padahal udah top up kan jadi males
Pengguna Google,3,2022-01-02 11:42:42,Saya kasih bintang 3 dlu ya nanti Klo bisa byr di tmpt baru sya ksih bntng 5 🙏
Pengguna Google,5,2021-08-31 05:52:12,terbukti
Pengguna Google,1,2023-02-18 05:29:24,Tolong dong argo driver ny disesuaikan.. apa GK kasihan.. sama driverny..
Pengguna Google,3,2023-11-09 04:50:37,"Tolong tambahkan rating untuk jasa kirim,seperti aplikasi sebelah"
Pengguna Google,1,2021-05-19 18:23:55,kontolh
Pengguna Google,5,2021-12-26 18:42:45,maaf mas mau nanya saya sudah beli 2 barang tapi belum bisa gunain traktir pengguna baru kenapa ya mas? dan kalo mau ambik barang di traktir pengguna baru slalu ada tulisan barang ini hanya berlaku saat transaksi pertamamu padahal kan sudah beli barang 2
Pengguna Google,5,2022-09-26 18:33:50,bagus banget lop lop
Pengguna Google,5,2024-06-27 17:40:59,"belanja asyik, sering dpt bebas ongkir"
Pengguna Google,5,2021-04-03 14:23:24,"Aplikasi yang sangat mudah di gunakan, sangat baik, dan rekomended. Terima kasih tokopedia"
Pengguna Google,5,2021-08-31 09:28:32,mantap 👍👍
Pengguna Google,5,2021-12-06 17:44:03,TOKOPEDIA 👍👍👍
Pengguna Google,5,2021-08-30 12:20:17,"udah bertahun"" langganan di toko pedia pokok nya udah nyaman banget dengan diskon""nya😁 terimakasih toko pedia"
Pengguna Google,5,2021-05-24 17:28:17,Suka dan membantu
Pengguna Google,5,2023-01-14 15:39:19,tokopedia mantap
Pengguna Google,5,2021-11-09 05:39:50,sangat memuaskan
Pengguna Google,2,2023-09-19 14:15:35,Ternyta malah lemot dan berat
Pengguna Google,4,2022-03-09 02:51:33,Mantap
Pengguna Google,1,2023-11-26 12:33:48,"Aneh belanja dapat promo tiba-tiba dicancel sendiri sama aplikasi nya bad banget mentang"" ada potongan harga. Auto unistal padahal baru download. KECEWA!!!"
Pengguna Google,1,2023-07-30 03:34:04,"Harga gak konsisten, ada ada biaya muncul, asuransi, dan jenis produk ekspedisi, dan klopun ada Promo hanya dpt 5-10rb, sorry sy Un-Install aplikasi Toped. Sy lebih banyak dpt benefit dr aplikasi sebelah si-biru, dan konsisten, Toped ribet mau ambil promo atau mau dpt COD dan gratis ongkir, klopu dpt gak banyak hanya 5rb"
Pengguna Google,4,2021-08-04 17:19:31,bagus
Pengguna Google,5,2021-11-02 07:25:33,bisa belanja 0 rupiah di toko pedia... alhamdulillah membantu🙏
Pengguna Google,5,2022-02-10 03:29:55,mantul
Pengguna Google,2,2021-09-04 09:47:41,Ko sekarang saya cek in hal dapet toko points lagi yah? Kenapa
Pengguna Google,4,2022-02-16 14:21:05,"Saran saya agar memudhkan penjual,tokopedia juga harus membuat sistem seperti shopee pay agar tidak usah repot repot"
Pengguna Google,2,2022-03-08 06:31:34,"Bang saya mau belanja kok gada bebas ongkirnya ya, setiap event juga ga pernah dapet gratis ongkir. Tolong dong biar bisa belanja nyaman bebas ongkir tanpa nambah duit gitu dan banyakin juga cod, soalnya males keluar cuma buat bayar mending di rumah gitu dan lebih aman. Kalo toko sebelah bebas ongkirnya cuma potongan 10k doang dan Rp 0 kalo ada event. Tapi beda kan, disini ada voucher yang bisa ngurangin harga cuma kaga ada bebas ongkirnya dan cod yg masih belum banyak."
Pengguna Google,5,2022-07-02 04:33:52,Ok
Pengguna Google,5,2021-04-06 20:06:28,Ok
Pengguna Google,5,2021-09-18 13:43:52,bagus banget
Pengguna Google,5,2021-03-27 14:29:16,Sangat membantu
Pengguna Google,5,2021-11-29 13:44:46,Luar Biasa
Pengguna Google,5,2022-03-28 06:51:09,maaaantaap
Pengguna Google,1,2022-03-06 06:58:33,"Hanya alamat yg sama berbeda orang, kamu katakan pelanggaran, jadi batal promonya, gmnny IT kalian ,terlalu akurat atau takut rugi. Mending belanjanya di aplikasi sebelah yg mantap. Aneh lu ahhh."
Pengguna Google,5,2023-10-10 23:22:30,Oke
Pengguna Google,5,2023-04-22 14:24:56,Aplikasi nya sangat sangat bagus dan sangat membantu saya untuk berbelanja tapi untuk Tokopedia nggak ada niatan buat bikin sistem pembayaran cod gitu ? 😭
Pengguna Google,5,2022-08-31 11:44:48,mantap tenan
Pengguna Google,5,2023-12-15 07:04:34,baguuuuuuuussssss 🤝🤝🤝🤝🤝🤝🤝
Pengguna Google,5,2022-03-28 06:42:27,bagusss
Pengguna Google,5,2021-09-03 03:05:19,ok mntap
Pengguna Google,5,2021-12-23 12:30:48,Cantik
Pengguna Google,5,2021-10-21 19:18:45,makasih traktirannya tokopedia barokallah
Pengguna Google,5,2021-09-26 23:46:12,Ok
Pengguna Google,5,2021-09-08 02:43:44,Itu bona yang kau ondakan sad
Pengguna Google,5,2021-09-13 05:33:50,sangat mudah dan banyak voucernya
Pengguna Google,5,2021-07-01 06:34:17,Terimakasih atas win win solution nya..pusat bantuan tokped sangat membantu dlm penyelesaian masalah..sukses terus tokopedia.. Selalu ada selalu bisa di tokopedia
Pengguna Google,2,2021-07-15 10:26:23,"Aduuuh, ini gimana ya sistem pembayarannya? Saya bayar kok pesanan malah selalu dibatalkan secara otomatis?"
Pengguna Google,5,2021-08-15 23:58:10,Baik buat kebutuhan
Pengguna Google,1,2022-01-18 06:44:39,Iklan yang mengganggu saya bababababababab
Pengguna Google,1,2022-09-17 10:09:10,Jangan suka batalin cashback karena saya beli bukan ambil
Pengguna Google,3,2021-08-15 15:01:02,sangat membantu
Pengguna Google,1,2022-02-11 15:45:55,iklannya ganggu
Pengguna Google,4,2022-02-12 05:55:30,makin ok
Pengguna Google,5,2021-08-09 16:29:34,Mantapz
Pengguna Google,5,2021-09-19 08:03:34,Good...
Pengguna Google,2,2021-06-30 05:55:20,Gua coba dulu klw worted gua kasih bintang lima
Pengguna Google,5,2021-04-14 06:45:46,Oke
Pengguna Google,5,2021-04-18 13:15:01,ok mau ambil hadiah
Pengguna Google,5,2022-03-03 04:52:32,🗿
Pengguna Google,3,2021-11-13 13:01:54,nice
Pengguna Google,1,2021-07-29 10:37:45,"Pesanan pertama saya dibatalkan oleh tokopedia karena saya diduga memakai promo berlebihan,padahal jelas saya pengguna pertama dan itu pesanan pertama saya di tokopedia,voucher diskon nya juga dikasih sama tokopedia waktu mau checkout,yaudah saya pakai dong,setelah transfer,langsung dibatalkan sama tokopedia,mau order lagi voucher diskon nya sudah tidak bisa digunakan,pakai nambah asuransi pula,makin boros belanja di tokopedia,mending shopee mudah."
Pengguna Google,2,2021-11-09 02:37:29,"kenapa ya dulu pas mau transfer uwang kok rno rekeningnya salah ya, apa sudah di ganti.."
Pengguna Google,5,2021-06-27 10:51:13,terima kasih telah mempermudah konsumen dalam bertransaksi.
Pengguna Google,5,2021-08-31 04:59:18,"Menemukan solusi ketika prustasi,.."
Pengguna Google,1,2021-07-05 13:43:30,Anjingg aplikasi monyet duit w ilang barang pun gak dtang setannnn smoga bangkrut hidup u anjinggggggg
Pengguna Google,5,2022-02-17 09:26:06,"Tokped bisa ga nomer pembeli sama driver kalo pake gosend di adain lagi, bingung mau ngeinfoin kalo ga diliatin nomer teleponnya"
Pengguna Google,5,2021-03-26 10:11:04,mantap
Pengguna Google,5,2022-03-03 14:13:35,"DAPAT SPEAKER GRATIS DONG MAKASIH TOKOPEDIA TERUS BERKEMBANG YA JANGAN CUMAN MAJU DOANG, PERKEMBANGAN JUGA BUTUH SEMANGAT TERUS 💪💪"
Pengguna Google,5,2021-08-10 16:42:27,Ok
Pengguna Google,5,2021-10-12 17:03:55,Bagus
Pengguna Google,5,2021-10-01 07:04:21,top markottop
Pengguna Google,5,2022-07-15 10:31:57,Gak tau binggung semua sama aja
Pengguna Google,5,2021-10-18 10:05:10,memuaskan tokopedia ini
Pengguna Google,5,2024-06-13 19:41:41,mudah mudahan tepat waktu
Pengguna Google,1,2024-03-31 18:10:43,"gjls, dpt vocer potongan harga pengguna baru, tapi tiba tiba di batalin dr pihak tokpedny"
Pengguna Google,5,2021-12-23 15:12:16,good
Pengguna Google,5,2024-03-18 21:30:32,mantapppsss
Pengguna Google,5,2021-09-12 03:16:32,Tokopedia memang yg terbaik
Pengguna Google,1,2022-06-15 00:17:46,"Tidak bisa digunakan jika tidak diupdate, mending toko orange nggak ribet"
Pengguna Google,5,2022-04-07 15:30:45,mantap
Pengguna Google,1,2021-10-03 00:15:38,Aplikasi tak berguna Tolol yg buat aplikasi ini
Pengguna Google,5,2021-05-06 05:22:19,makasih gratisanya
Pengguna Google,1,2021-06-23 13:22:39,Parah pembelian pertama dapet promo di cancel pihak tokped jdi ga bisa di pake lagi promonya mending Shopee aja jgn percaya klo dpt promo pasti ga bakal berguna .
Pengguna Google,4,2021-12-25 18:06:32,Sangat membantu
Pengguna Google,5,2021-04-14 14:15:25,Mantap Dan percaya
Pengguna Google,5,2021-05-05 10:13:12,Barang diterima sesuai order
Pengguna Google,5,2021-08-06 07:56:20,Manggap
Pengguna Google,4,2024-05-23 15:23:24,Good
Pengguna Google,1,2024-02-08 10:09:19,Ekspedisi sapx ekspedisi tolol kurir rekomendasi tokped ngaret gaji buta
Pengguna Google,5,2021-06-22 11:39:02,Tokopedia Emang the Best
Pengguna Google,3,2022-02-24 08:34:39,"Novelnya bagus banget,bikin penasaran"
Pengguna Google,5,2022-04-16 04:53:00,nice
Pengguna Google,5,2022-02-23 11:41:47,tokopedia oke bgttt
Pengguna Google,5,2021-09-18 12:57:12,Tokopedia terbukti terdepan dlm pelayanan
Pengguna Google,5,2021-11-28 17:35:44,asli hemat belanja nya
Pengguna Google,5,2024-05-19 23:32:49,mantap
Pengguna Google,5,2023-06-03 01:20:32,🐄🐄
Pengguna Google,5,2021-04-19 13:06:43,sangat membantu. dan bagus
Pengguna Google,5,2021-04-06 10:42:20,Aplikasi saya tidak bisa di buka. Silakan kirim cara yg lain
Pengguna Google,4,2021-06-12 04:26:28,Hafiah x bisa di ambil kh
Pengguna Google,5,2021-06-30 05:35:50,Aku senang belanja di Tokopedia banyak gratis ongkirnya +diskon. Mantap
Pengguna Google,5,2021-04-26 13:04:43,Saya kasih bintang 5 smga tambah memuaskan pelayanan nya..
Pengguna Google,1,2023-05-02 00:02:11,"Saya dari awal kenapa selalu pakai toped tidak ke olshop lain, alasan utamanya krn buatan anak dalam negeri... dan tau kenapa makin kesini makin males... krn dari biaya2 dan promo2nya makin parah... lebih menarik olshop2 buatan luar. disblah gratis ongkir tanpa minimum transaksi di sini harus min 50k d sebelah gak ada namanya biaya aplikasi sampe 2k d tambah biaya layanan 1k total 3k makin tekor dan customer. setamak itukah para pengusaha2 dalam negeri.? makanya pd kalah sma pngusha dr luar."
Pengguna Google,5,2021-05-25 01:26:41,Proses belanja lebih simple dan menghemat waktu..
Pengguna Google,1,2021-12-16 14:40:04,"Pembelian pertama di batalin otomatis, alasan ada manipulasi, padahal sudah sesuai voucher sama ketersedian barang"
Pengguna Google,2,2021-12-16 07:44:14,"Baru mau nyoba udah di kira manipulasi.auto hapus aja dah ,,pake shoppe lagi"
Pengguna Google,1,2021-04-28 08:00:31,Mana Hadiahnya? Menggiring orang untuk mendwonload aplikasi dengan modus memberi harapan palsu
Pengguna Google,5,2022-06-17 03:37:20,Oke
Pengguna Google,5,2022-06-19 17:01:26,For sure
Pengguna Google,5,2021-11-15 20:20:17,bintang yang berbicara
Pengguna Google,1,2021-07-13 08:01:54,Kok ditokopedia mahal2 ya barangnya. Hhh
Pengguna Google,5,2022-08-06 02:15:28,👍🏻👌😎😁🤑😘🤩👏👏
Pengguna Google,5,2023-03-27 06:52:20,sukses selalu
Pengguna Google,5,2022-04-08 19:34:34,Ok
Pengguna Google,1,2022-08-03 04:49:09,"Saya benar benar kecewa, sekian kali nya pesanan saya komplain selalu pengiriman Anteraja. Seperti Tokopedia tidak memilih jasa pengiriman yang baik untuk mitra nya!"
Pengguna Google,5,2022-04-19 20:42:09,toko pedia memang mantap
Pengguna Google,5,2022-02-12 08:42:54,sangat membantu berbelanja online
Pengguna Google,2,2022-10-30 01:25:53,Sebaiknya diperhatikan komentar komentar kekecewaan dari para pengguna. Jangan cuma kasih janji manis dan jawaban yang sama sekali tidak memuaskan pengguna. Sebenarnya buat apa sih kolom ulasan ini kalo apps nya ttp gitu2 aja.
Pengguna Google,5,2021-11-08 03:03:58,sangat membantu bayar pakai limit
Pengguna Google,5,2021-04-21 12:28:09,Jos
Pengguna Google,5,2021-12-25 05:31:11,Belum tau
Pengguna Google,1,2022-01-22 21:11:22,"Lebih baik tidak usah diberikan promo pengguna baru, kalau kita gunakan promonya namun dibatalkan dari tokopedianya dan promo tsbt tidak bisa digunakan kembali"
Pengguna Google,1,2021-12-02 11:19:54,Jadi saya ganti nomor hp terus saldonya hilang butuh bantuan dong Tokopedia
Pengguna Google,5,2022-09-03 17:59:12,Good
Pengguna Google,5,2021-10-26 16:16:47,Apk mantap Saran aja semua toko bisa cod ya
Pengguna Google,3,2021-11-18 03:51:02,Bru di aplikasi in
Pengguna Google,5,2024-05-02 04:04:35,"3 x top up flazz, 100, 200 & 50. Transaksi sukses, saldo terpotong, history di tomped berhasil, tp saldo gak masuk sampai saat ini. Tdk ada call centre, cuma disuruh chat dan menunggu......."
Pengguna Google,5,2021-10-31 01:39:29,tokopedia memang mantap tau kebutuhan konsumen nya
Pengguna Google,3,2023-09-08 14:03:27,"Beli prakerja disini gampang mudah , terimakasih"
Pengguna Google,5,2022-12-29 07:56:41,sangat membantu
Pengguna Google,5,2021-10-03 18:14:19,Tokopedia emang sip mantul
Pengguna Google,5,2021-08-31 09:10:19,"Sangat membantu dalam menyediakan pelatihan prakerja, dan banyak sekali pelatihan yang di sediakan Di tunggu agar sertifikat nya sesegera mungkin di dashboard prakerja, udah 5 hari pelatihan di selesaikan Terima kasih"
Pengguna Google,1,2021-05-18 08:30:51,Kurang enak
Pengguna Google,5,2021-05-08 18:45:08,Bagus
Pengguna Google,5,2021-03-31 18:07:28,Mantap luurrrr
Pengguna Google,5,2021-04-02 22:16:44,terimakasih tokopedi...mudah cepat dan murah...
Pengguna Google,5,2022-03-19 17:28:23,mantap
Pengguna Google,1,2022-11-03 02:56:17,Aplikasi SAMPAH !!!!
Pengguna Google,5,2022-08-19 09:37:19,Selamat Ulang Tahun ke 13 Tokopedia :) lup u
Pengguna Google,5,2024-02-09 13:40:01,baik
Pengguna Google,5,2022-09-04 23:05:19,Baik lancar
Pengguna Google,1,2024-05-01 19:34:38,Kebanyakan iklan harga mahal penipuan
Pengguna Google,5,2021-10-24 10:36:47,Bagus banget loh aku jadi mangkin semangat karna di tv iklan nya ada bts
Pengguna Google,5,2021-04-28 07:33:13,bagus
Pengguna Google,5,2021-10-07 12:51:09,pelayanan baik sekali
Pengguna Google,5,2021-09-11 10:24:19,nice
Pengguna Google,5,2022-11-13 09:31:13,sangat mudah digunakan dan banyak untungnya
Pengguna Google,5,2021-09-25 03:58:44,Sangat bermnfaat
Pengguna Google,1,2021-05-17 16:41:49,pernah jualan ikan laut
Pengguna Google,5,2021-08-25 13:38:47,Nice
Pengguna Google,5,2021-04-14 13:14:45,Jujur sy g pernah bel anja di tokopedia
Pengguna Google,1,2021-10-31 12:48:27,"Sekarang tambah ribet,koin cashback tidak bisa digunakan selain dengan menggunakan GO-PAY....."
Pengguna Google,3,2022-10-20 06:20:05,Toped sejak kerja sama dng gojek promonya pelit dan pakai biaya aplikasi segala kaya ojol
Pengguna Google,5,2021-03-29 16:35:41,Mantap
Pengguna Google,5,2021-06-09 07:51:58,sebagai pengguna baru puas banget 😁
Pengguna Google,5,2021-04-08 21:55:02,asikkk belajan di toko pedia belanja gartiss ayhoo buruan download. lumayan loo gratisann
Pengguna Google,5,2021-11-13 11:10:01,bagus sekaliii
Pengguna Google,5,2021-06-25 16:48:41,mantap
Pengguna Google,5,2021-05-24 11:03:22,"Kurang 1 nih min, tambahin pencarian barangnya pake foto biar mudah😔✨"
Pengguna Google,4,2022-04-14 18:51:49,Overall ok paling saran saya next update ada fitur dark mode agar lebih nyaman thankyou
Pengguna Google,5,2023-11-28 05:54:11,Mudah-mudahan tetap bagus apknya
Pengguna Google,5,2024-04-12 10:19:12,Sangat membantu. Belanja jadi mudah. Terima kasih banyak Tokopedia😘😘
Pengguna Google,5,2021-12-12 09:19:00,keren pokoknya yuk download sekarang
Pengguna Google,5,2022-01-20 06:05:59,mantap... donwload lsg dpt gratis produk tanpa harus ajak ajak. hebat sukses selalu tokped
Pengguna Google,5,2021-05-15 04:02:49,Bagus
Pengguna Google,4,2024-05-07 17:48:28,mudah mudahan bisa manjang soalnya buat jual lagi
Pengguna Google,5,2021-09-09 11:45:40,Bagus
Pengguna Google,5,2021-12-07 09:00:24,bnrn lho rp0 ...bt pngguna br ..blnja tokopedia za
Pengguna Google,1,2021-08-12 08:34:05,"Auwkwokwowowo padahal akun w dah lama di pakai di katain akun baru , apa guna voucher di bagi ke pengguna kalau gak di pakai, tiba di pakai di bilang manipulasi data , lawak kau? Kalau tidak mau bagi promo gak usah bagi , mending ganti sistem ae dari pada sistem kek gini ampas beuh, baru bayar tiba"" otomatis di batalkan aukwowkwowoow dari mana datangnya manipulasi data, mengbadut kau? Sudah kirim detail masalah gak kunjung di balas? Takutkah? Heee lawak badut 🤡"
Pengguna Google,5,2022-02-22 03:32:16,Nyaman utk membeli barang dan juga paketan data
Pengguna Google,5,2021-09-07 00:51:13,thangkyu
Pengguna Google,5,2024-06-12 03:14:13,ok
Pengguna Google,5,2022-05-21 05:13:14,Ok
Pengguna Google,5,2023-01-05 08:38:19,"Kalo bisa game2 nya utk ngumpulin cari poin bikin berat memory hp jg makan byk space hp, saat update versi baru filenya gede banget, krn gk semua org punya hp dgn space memory yg besar, gk usah ada game2 utk ngumpulin poin lah.... gk penting."
Pengguna Google,1,2024-03-29 05:57:32,"Ini gimana sih pesanan nya koq nyampe nya lama bgt,padahal saya pesenya barang elektronik..superr lambat sekalii tolong di perbaiki lagi soal pengiriman dan kurirnya"
Pengguna Google,5,2021-08-25 09:38:12,selamat ulang tahun
Pengguna Google,1,2023-01-11 09:38:50,Sayangnya untuk pengguna baru tidak ada fitur bayar cod beda sm BkaLpak Sopi Dan Iazda yang sudah bisa mengakses Pembayaran COD untuk pengguna Baru
Pengguna Google,1,2021-09-25 10:38:01,"Kecewa beli pelatihan di tokopedia,udh 11hr tapi sertifikat di dashboard prakerja gak muncul2 ,kirain cuma gw doank yg bermasalah gatau nya banyak yg senasib"
Pengguna Google,5,2023-07-06 04:03:21,mantap
Pengguna Google,1,2022-04-01 02:26:13,"Tokopedia lama memproses pengembalian dana Ribet, gak work it juga Kecewa sih"
Pengguna Google,5,2022-03-18 13:19:15,Bagus sekali
Pengguna Google,5,2022-07-03 16:20:46,aplikasi yg gua suka no 1
Pengguna Google,5,2021-09-18 00:15:56,terbaik
Pengguna Google,5,2022-07-23 04:13:23,kenapa ga bisa cod😑
Pengguna Google,5,2022-06-05 05:22:02,Good
Pengguna Google,3,2021-05-24 11:40:20,Oke
Pengguna Google,5,2021-09-23 01:58:42,Mantap n tingkatkan terus poin dan penawarannya serta bonusnya
Pengguna Google,5,2022-07-09 13:54:05,semakin mudah dan nyaman buat belanja terbukti bisa belanja gratis
Pengguna Google,5,2021-09-23 15:28:15,sangat membantu
Pengguna Google,5,2022-05-03 19:29:27,bagus
Pengguna Google,5,2022-08-05 23:25:29,👍👍
Pengguna Google,5,2021-07-09 00:16:47,Sangat membantu sekali
Pengguna Google,1,2021-06-11 14:13:04,"Tokopedia gak bisa di buka, muncul periksa internet padahal YouTube dll bisa"
Pengguna Google,5,2021-05-30 11:36:50,Bagus
Pengguna Google,1,2024-01-21 05:13:09,apk taekkkk
Pengguna Google,5,2021-05-17 00:25:43,memuaskan
Pengguna Google,1,2023-07-17 06:37:57,"Aneh banget di kasih voucher, eh giliran di pakai Langsung di batalkan sistem, Padahal ini akun satu satunya gada lagi akun lain.kecewa bgt"
Pengguna Google,5,2021-11-20 09:38:19,"bikin promo tapi di order di check out kemudian di bayar setelah selesei pembayaran satu jam kemudian langsung di cancel karna melanggar sistem , tanya pihak seller jawabannya "" ngga tau kak... """
Pengguna Google,4,2021-07-03 12:20:15,"Info prangkat & akun yg sy rasakan dari pertama hingga kini, sungguh memuaskan dan sangat membantu menyelesaikan baik, info, berita serta tayangan berita"" yg sunggu bermanfa""at,,,,trmksh 🙏🙏🙏"
Pengguna Google,5,2021-08-21 17:19:20,tks promonya
Pengguna Google,5,2021-09-30 12:47:55,sangat 👍👍👍👍
Pengguna Google,3,2021-04-30 02:50:53,Biasa ajah
Pengguna Google,5,2021-09-01 13:57:06,ok
Pengguna Google,5,2022-01-04 06:05:50,mantap
Pengguna Google,1,2021-08-25 14:16:34,"pesanan saya kenapa dibatalin? padahal sebelum bikin akun ke2 juga, akun yg ORI saya dibatalin juga. mangkanya saya bikin akun ke2 kan akun ORI saya dibatalin. nyesel download.dahlah."
Pengguna Google,1,2021-06-19 23:18:52,"Sangat kecewa karena pengguna baru dapat cashback malah dibatalkan sama tokopedia walaupun saldo kembali itu tetap membuat saya kecewa karena tidak bisa membuat kenyamanan pelanggan,terima kasih!"
Pengguna Google,5,2021-12-28 09:22:32,mantap
Pengguna Google,4,2023-07-06 05:18:38,"mantap,no debat"
Pengguna Google,2,2021-07-07 14:18:42,cb dl ya
Pengguna Google,4,2021-08-24 09:54:42,segitu dulu kli bagus nanti tambah lagi
Pengguna Google,5,2022-04-14 12:04:51,lup bgt
Pengguna Google,2,2024-05-03 06:13:03,"Alasan kenapa banyak yg belanja di oren di banding di sini. Karna expedisi. Terlalu lelet, customer terkesan di sepelekan oleh pihak kurir. Paket dtg lewat estimasi"
Pengguna Google,5,2021-10-25 11:20:12,Ok
Pengguna Google,5,2021-08-12 10:00:11,👍👍👍🥳
Pengguna Google,5,2021-12-03 07:39:20,bagus banget banyak banget voucher nya terimakasih tokopedia
Pengguna Google,5,2021-09-01 16:32:51,Mantap
Pengguna Google,5,2021-08-19 12:17:10,Lama banget
Pengguna Google,1,2023-09-03 10:24:27,"nyesel saya pake pengiriman next day, ternyata nama nya doang yang next day tapi ga nyampe² besok nya. saya pesen sabtu tapi sampe minggu pun belum sampe, mending saya pake yang reguler klo ternyata ga next day juga buang² uang saja"
Pengguna Google,5,2023-12-11 19:26:11,banyakin diskon dan gratis ongkir ya boss🙏🥰😅
Pengguna Google,5,2022-01-25 01:10:31,bagusssssss
Pengguna Google,3,2021-04-07 08:15:08,Nyoba dulu
Pengguna Google,1,2024-01-12 04:24:26,"Untuk komplain terlalu berbelit-belit, percuma ada bantuan gak berfungsi dengan baik"
Pengguna Google,3,2021-05-21 03:00:58,Blum terbukti ke saya pribadi
Pengguna Google,5,2021-04-21 13:37:51,Suka belanja di tokopedia
Pengguna Google,5,2023-10-13 13:40:44,Mantap👍👍🤣
Pengguna Google,5,2021-08-22 07:22:05,Bagus mantap...ikut membantu pada masa pandemi...
Pengguna Google,5,2021-07-08 03:15:00,bagus
Pengguna Google,5,2021-08-05 11:57:40,good
Pengguna Google,5,2021-09-13 07:41:05,Mantoel dahhhhh..... 😏👍
Pengguna Google,5,2021-05-22 07:18:52,"terimakasih buat tokopedia karena telah memberikan gratisan bagiku, ibu saya merasa bangga kepada saya, thanks God."
Pengguna Google,1,2022-03-17 15:40:47,Sangat menyebalkan.. ada tulisan COD tp pas masuk pesanan kok hilang tulisan COD nya... Padahal sudah di klik ganti COD.. tokopedia ruwet bin rumit..👎👎👎👎
Pengguna Google,5,2021-04-28 14:34:07,Nampol
Pengguna Google,5,2023-04-02 08:51:18,oke banget
Pengguna Google,5,2022-02-17 07:00:54,sangat baik
Pengguna Google,5,2022-02-20 05:52:25,Good luck
Pengguna Google,5,2021-08-31 18:14:02,Bang cara belanja di aplikasi ini ko susah dimengerti tidak seperti beli makanan pake gojek pilih barang cocok lalu pesan kalo diaplikasi ini gak simpel nyusahin sebenernya dari kemarin aku mau blanja tapi caranya susah apa tidak bisa dibikin gampang apa hanya begini aja kalo tidak bisa diperbaiki harusnya gak usah tawarkan suruh download
Pengguna Google,5,2022-03-17 00:26:39,toko nya sangat bagus service nya . memuaskan pelanggan
Pengguna Google,5,2022-06-23 21:04:12,Barang pasti sesuai
Pengguna Google,5,2022-03-29 05:45:23,Terimakasih tokopedia🤗 Recomended pelatihannya sangat bagus👍👍👍
Pengguna Google,3,2021-08-16 05:25:29,Mantab selalu
Pengguna Google,5,2021-11-12 09:53:57,"HEYY KO MSI BLM PADA DOWNLOAD TOKOPED?! PADAHAL BGS LOO. AAA MKSII BGT SMA TOKOPED , JD NYA BISA LIAT BIAS KU. LOVE DEE!!<33"
Pengguna Google,5,2021-09-19 10:03:41,"Update 12 sept 2021 kembali jd simple, tdk sprt versi 3.110.1 yg super berbelit2"
Pengguna Google,4,2021-07-31 02:40:29,mantap
Pengguna Google,2,2021-05-20 06:02:31,Saya dapet hdiah satu jt to setelah di klik suruh istal Trs gyman kelanjutannya apa kah cuma penipuan
Pengguna Google,5,2021-09-25 14:22:32,Praktis dan untung
Pengguna Google,5,2021-12-25 14:43:39,naise
Pengguna Google,5,2023-10-04 12:59:30,Best
Pengguna Google,5,2021-11-05 14:11:44,cepat pengiriman barang kualitas bagus
Pengguna Google,5,2021-06-10 21:00:10,Baik
Pengguna Google,5,2023-12-16 14:49:52,paling oke
Pengguna Google,1,2023-03-26 03:29:34,Ga lagi lagi transaksi di tokped
Pengguna Google,5,2021-09-23 01:54:23,baik
Pengguna Google,5,2021-07-30 13:29:46,Mantap
Pengguna Google,5,2021-03-29 07:20:37,Bagusss
Pengguna Google,5,2021-09-08 08:11:19,Best
Pengguna Google,5,2021-04-03 08:38:14,Good
Pengguna Google,1,2021-07-17 08:47:05,Belum downlod wkwkwkwkkw
Pengguna Google,1,2021-06-14 05:31:38,Maaf kenapa ku lihat jek rp 0 berbaiki
Pengguna Google,5,2021-06-25 15:37:09,Aplikasi ini bagus sekali Saya sangat suka..........
Pengguna Google,5,2022-03-13 17:38:05,makasih tokopedia
Pengguna Google,5,2021-06-10 15:04:23,Baguss
Pengguna Google,5,2023-07-25 05:46:28,Sangat bagus toko pedia
Pengguna Google,5,2022-03-23 23:03:13,baguus
Pengguna Google,3,2021-05-15 14:38:08,lumayan
Pengguna Google,5,2024-04-15 03:47:55,yg penting barang hrs sesuai yg di pesan dan pengiriman hrs gercep
Pengguna Google,4,2022-03-30 14:39:18,siap semoga bagus pelayananya..
Pengguna Google,1,2021-04-22 12:40:31,Mahal mahal anj banyak yg kw
Pengguna Google,5,2021-05-02 12:53:50,Ok
Pengguna Google,4,2021-11-03 12:13:05,"ada bug,suka lemot"
Pengguna Google,5,2024-07-02 00:56:44,Luar biasa
Pengguna Google,5,2023-11-07 13:57:31,mantap
Pengguna Google,5,2023-05-31 04:58:34,makin beta
Pengguna Google,5,2021-09-04 10:57:01,Toped aplikasi belanja milenial sekarang
Pengguna Google,5,2023-09-10 12:55:20,langganan
Pengguna Google,5,2023-11-24 05:32:45,mantap
Pengguna Google,1,2024-03-26 06:18:56,Aplikasi jelek Barang2 mahal Pelayanan sangat tidak ramah
Pengguna Google,5,2024-02-26 17:14:52,Oke
Pengguna Google,5,2021-05-06 12:58:06,B aj
Pengguna Google,3,2021-05-06 17:51:15,"Hati hati di toped ini banyak penipu yg memanfaatkan aplikasi ini dgn cara tranfer atau briva, unk itu mohon pd toped jika ada pedaftaran baru supaya minta identitas yg jelas dgn harapan jika disalah gunakan dapat dihubungi yg bersangkutan"
Pengguna Google,1,2021-09-30 20:25:59,🙈🐶🐽🐔🐗🏳
Pengguna Google,4,2024-02-27 04:06:58,bagus
Pengguna Google,5,2022-07-05 00:56:16,Selamat pagi tokopedia
Pengguna Google,4,2022-07-08 04:37:00,Lumayan
Pengguna Google,5,2021-07-27 02:27:52,Bgus barang sesuai pesanan
Pengguna Google,5,2023-12-17 02:19:59,Iklanya Mantep Candu
Pengguna Google,5,2021-11-03 14:35:49,makin maju
Pengguna Google,1,2021-09-30 00:48:17,Mengecewakan
Pengguna Google,5,2021-08-22 23:55:37,mantap
Pengguna Google,1,2022-11-10 07:38:47,"Jelek bgt skrg gratong sama voucher gabisa digabun,aneh"
Pengguna Google,5,2021-04-25 07:21:26,Bagus dan menarik
Pengguna Google,4,2023-01-03 09:19:17,Bagus suka belanja di Tokopedia barang² ok punya n banyak promox
Pengguna Google,5,2021-03-31 01:40:16,Good
Pengguna Google,1,2022-08-05 17:03:54,"Gak jelas aplikasinya, topup gopay kena tambahan biaya, saat transaksi kena tambahan biaya penangganan lagi, mending beralih ke shopee"
Pengguna Google,5,2023-07-12 15:34:00,"mantab, mempermudah beraktivitas segalanya OK"
Pengguna Google,5,2021-04-14 11:26:48,Tokopedia memang mantappp
Pengguna Google,5,2022-08-14 16:17:56,the best mmuuuaacchh
Pengguna Google,5,2024-07-05 21:37:51,memudahkan
Pengguna Google,3,2021-07-18 01:47:32,Sanagat baik
Pengguna Google,5,2021-06-12 05:03:35,the best bgttt si Tokopedia
Pengguna Google,5,2021-03-25 06:48:14,Belanja kelas untuk skill academi memuaskan di Tokopedia
Pengguna Google,5,2021-03-31 06:52:33,bagus untuk pengembangan belajar bahasa Inggris dan percakapan dengan orang luar
Pengguna Google,3,2021-04-13 18:48:50,Lumayan bagus sih untuk yg ingin berniaga Terima kasih Shopee tetap sukses ya
Pengguna Google,1,2021-05-25 23:42:48,Setelah pembaruan aplikasi makin lemot....ada apa dengan tokopedia....
Pengguna Google,2,2022-07-10 14:13:00,Ak cari enam Barang lebih yang sama Tapi tidak Ada yang bisa cod
Pengguna Google,4,2021-04-13 23:16:44,Mantap dha pokoknya
Pengguna Google,4,2022-10-19 11:43:21,Semoga pendapat saya salah. Tokopedia sudah besar sehingga perhatian kepada pelanggan terlebih pelanggan kecil; terkesan berkurang! ... Sudah tidak ada bebas ongkir sesungguhnya pula.
Pengguna Google,1,2023-04-01 20:03:24,Tanggung Jawab Tuh Konsumen Ketipu 28.7 jt Masa Lu kagak Respon Apk Penipuan.
Pengguna Google,5,2021-04-04 04:47:55,Mantap
Pengguna Google,5,2023-07-16 13:03:40,bagus
Pengguna Google,5,2022-04-18 19:19:39,pokoke sip
Pengguna Google,5,2021-03-24 19:09:54,terima kasih tokopedia karena pelayanan yang bagus dan cepat membuatku mudah dalam bertransaksi.
Pengguna Google,5,2024-05-31 15:50:56,Mayan lah
Pengguna Google,5,2021-10-22 11:50:46,tokped sangat mudah
Pengguna Google,5,2021-03-31 22:41:48,memudahkan
Pengguna Google,5,2021-11-01 12:55:42,Keren min👍👍
Pengguna Google,1,2023-06-28 17:46:56,"Sebelum hapus sempatkan rating dulu. 1. Vocer dan gratis ongkir tidak pagi bisa di gabung. 2. Biaya biaya makin lama makin nambah. Skrg sudah 3k total mungkin next bisa 5-10k 3. Expedisi yg dipilih untuk gratis ongkir suka ngawur, ini pesan lama yang tidak pernah di benahi. 4. Gratis ongkir 40k luar jawa kalau belanja 100k kalau di bawah itu jadi 20k. Padahal awal kenal itu belanja 10k sudah gratis ongkir. Selamat tinggal tokped"
Pengguna Google,5,2021-03-29 21:54:59,Blum begitu faham maksud&tujuannya
Pengguna Google,5,2022-11-22 06:43:25,the only one
Pengguna Google,5,2022-10-25 09:39:20,diajarin ngutang..wkwkwkwk
Pengguna Google,5,2021-09-18 17:12:38,puas banget san mantapp
Pengguna Google,5,2022-01-07 04:49:42,bagus
Pengguna Google,5,2022-06-13 14:41:47,Terimakasih tokopedia seneng banget pakai apk tokped 🥰🥰🥰
Pengguna Google,2,2023-05-16 10:55:27,biaya jasa aplikasi nya memberatkan
Pengguna Google,5,2021-06-29 14:53:00,Good
Pengguna Google,1,2024-01-08 22:24:22,"Aneh pengiriman 3 kali berturut turut penjadwalan ulang oleh pembeli,kurir akan antar pesanan kembali. Tapi saya sebagai pembeli tidak pernah melakukan penjadwalan ulang"
Pengguna Google,5,2023-12-20 21:13:03,banyak promo.. diskon casback dll. saran : pembeli bisa ngasih tip ke kurir lewat Aplikasi..
Pengguna Google,4,2022-04-21 04:25:17,lumayan mudah digunakan
Pengguna Google,1,2021-06-25 07:18:04,Mls pengen beli trek
Pengguna Google,1,2024-06-15 14:14:52,"kurir kurir disini pada jeblok, alias lama..ga kaya toko sebelah.."
Pengguna Google,5,2022-02-22 12:16:55,Mantafff
Pengguna Google,5,2021-08-21 15:24:24,banyak promo Dan gratis ongkir seruu abiss pakai tokopedia
Pengguna Google,5,2022-06-07 01:24:09,keren
Pengguna Google,1,2021-06-10 04:50:04,Dah masukin nomor dan udah verifikasi malah buat akun lagi njing
Pengguna Google,1,2021-11-01 09:52:22,"Beli lukisan tak sesuai yang di promosikan,jangan beli di tokopedia saya kecewa berat,saya beli barang melalui app punya anak saya"
Pengguna Google,5,2024-06-07 07:03:47,banyak vochert
Pengguna Google,5,2021-06-25 13:07:23,bagus
Pengguna Google,1,2023-04-16 06:33:15,"Ribet, yang ngasih promo tokopedia sendiri, malah saya yang disalahkan indikasi kecurangan LOL"
Pengguna Google,3,2023-12-23 11:53:56,👍
Pengguna Google,5,2021-07-12 03:29:40,👍👍
Pengguna Google,5,2021-06-20 04:38:26,metode pembayaran lengkap
Pengguna Google,5,2021-09-03 09:49:22,Really good
Pengguna Google,5,2022-03-02 00:36:54,pin nangisss dpt gratisan terus di tokoped😭😭
Pengguna Google,5,2021-09-23 12:58:39,aplikasi nya mantap dan bagus
Pengguna Google,1,2022-04-14 13:56:32,Mau bayar debit online . Erornya pas di pengiriman kode
Pengguna Google,1,2021-03-29 06:08:04,"Selalu ada tulisan "" ada gangguan di rumah toped"" "" sudah coba uninstall n install ulang ttp aja kyk gt!!!!! ""Trus koneksi terputus coba ulangi beberapa saat lagi"" pdhl buat buka aplikasi lain lancar2 aja. Gimana sih maunya aplikasi tokopedia ini?"
Pengguna Google,5,2021-06-09 16:02:58,toko terbaik
Pengguna Google,1,2023-04-29 14:33:31,"Langganan pakai tokopedia dari tahun 2019,mulai dari gratis ongkir, sampai ongkir 3.000 naik jadi 8.000 per 1,1 kg. SEKARANG KECEWA ONGKIR NYA JADI MAHAL 28.000 RIBU PER 1,1 KG. LEBIH MURAH TOKO OREN."
Pengguna Google,1,2023-12-20 12:04:09,"Tokopedia akan ditinggal pelanggan. Pengiriman dari tangerang kebekasi dati tanggal 13 sampai 20 blm jg sampai. Ini kerja bodoh sebaiknya berkaca dari lazada yg selalu tepat waktu. Bukan estimasi tanggal 17 berubah jadi tanggal 20 tp sampai skrg juga blm sampai. Inveatigasi macam betul aj tokped. Saran saya sih alangkah baiknya tokped tutup biar tdk banyak org murka. Gimn kalau pengiriman sampai papua bisa berbulan2. Sebaiknya para pengguna tokped dihimbau buat uninstal,sebelum anda murka."
Pengguna Google,1,2021-06-08 11:53:56,"Tokopedia makin lama makin anehhh, masa pesen dibatalkan oleh sistem terusss."
Pengguna Google,1,2022-10-25 11:30:07,Ongkir nya ampun dah mahal betul dah lah males install nya
Pengguna Google,1,2021-07-24 04:57:17,Cacat mau ganti nomor akun enggak bisa bisa Asu!!!
Pengguna Google,5,2022-05-07 12:38:29,semoga semakin baik
Pengguna Google,1,2023-04-06 14:12:40,Gak bisa di update. Gak bisa di buka ☹️
Pengguna Google,5,2022-06-12 12:55:04,Online Shop JUARA 1 di Indonesia
Pengguna Google,5,2021-10-27 18:28:05,Sangat bagus
Pengguna Google,5,2022-04-08 06:52:40,"Setelah 1x transaksi hasilnya oke. Selain itu ada satu toko yang kadaluarsa dalam pengerjaan orderan, dan dana dikembalikan utuh oleh Tokopedia."
Pengguna Google,5,2021-12-22 08:21:57,Good
Pengguna Google,5,2021-11-03 14:15:42,Keren aplikasinya😱
Pengguna Google,5,2021-10-11 08:50:21,terimakasih tokopedia plafon yang mudah utk membeli pelatihan PRAKERJA praktis dan tidak rumit
Pengguna Google,5,2022-01-29 05:04:26,mantap
Pengguna Google,5,2021-05-19 03:52:38,good app
Pengguna Google,5,2021-12-07 08:26:05,"Ok banget tokopedia,,,😆😆😆😆belanja lgi ah,,,"
Pengguna Google,3,2021-06-10 22:49:11,Bru tga dulu bos
Pengguna Google,5,2021-07-10 08:23:09,makin mantab
Pengguna Google,3,2024-06-14 06:18:24,teulaku banyan iklan Dan virus jadii Gangguan ke HP...!
Pengguna Google,5,2021-08-26 07:17:57,Bagus
Pengguna Google,1,2023-10-12 10:10:32,Gak ngapa2in.. belanja normal seperti biaasa tiba2 di blokir.. aneh
Pengguna Google,5,2021-12-08 00:38:24,"luar biasa, recomended"
Pengguna Google,5,2021-12-25 13:58:28,mantap
Pengguna Google,2,2022-02-08 16:52:05,"sebenarnya bagus, tapi toko yang di follow kok ke unfoll sendiri?"
Syahrul Yunus,5,2021-03-24 15:18:40,Aman dan terpercaya. Lengkap
Pengguna Google,5,2022-07-07 05:26:54,oklah
Pengguna Google,1,2024-02-19 12:19:12,"Saya beli pulsa, tetapi sudah 24+ jam pulsanya tidak masuk masuk. Sudah ada tulisan transaksi berhasil, tetapi tidak masuk"
Pengguna Google,5,2021-10-12 10:43:00,Saya suka
Pengguna Google,5,2023-09-09 15:41:47,Aplikasinya bagus dan produk yang ditawar kan sesuai dengan ekspetasi dari foto maupun video dari penjual.
Pengguna Google,5,2021-09-03 12:20:29,mudah .. keren.. tetap tingkatkan untuk saling menguntungkan👍🏼
Pengguna Google,5,2022-11-02 08:56:44,Mantul
Pengguna Google,5,2021-12-31 14:53:15,manteep
Pengguna Google,3,2022-04-20 10:39:41,"Gratis ongkir, cekout masih bayar ongkir 😂😂"
Pengguna Google,4,2021-12-04 05:03:02,Sy akan mencoba semoga bagus sesuai harapan.
Pengguna Google,1,2021-09-23 06:42:12,saya puas dengan aplikasi ini
Pengguna Google,5,2022-02-12 17:20:11,trimakasih tokped
Pengguna Google,4,2021-09-18 05:48:26,Mantap sangat membantu dalam belanja
Pengguna Google,5,2023-10-24 14:07:36,sangat praktis
Pengguna Google,5,2022-01-17 02:14:43,"Pengguna baru toped, semoga memuaskan"
Pengguna Google,5,2023-12-15 06:26:32,Download gara gara Kobo😋
Pengguna Google,4,2022-11-08 03:59:17,mantap
Pengguna Google,5,2021-09-15 09:16:32,🥰🥰🥰🥰
Pengguna Google,5,2021-05-22 02:02:25,ok
Pengguna Google,1,2021-04-17 23:23:00,"Abis diperbaharui makin ribet,dan ga nyaman dipakai.payah kecewa"
Pengguna Google,5,2021-11-16 13:49:22,tokepedia mantap
Pengguna Google,5,2021-04-23 02:17:20,mantap
Pengguna Google,5,2021-06-11 14:57:49,mantap
Pengguna Google,3,2021-04-14 22:52:53,"Katanya gratis mana??? Pertama dapat 400rb, yg kedua dpt 200rb .. ee pas masuk diminta bayar ... Jgn pake umpan nipulaah.."
Pengguna Google,1,2021-07-16 08:13:46,"Perlindungan terhadap pembeli (konsumen) jelek sekali, pengiriman diberi garansi sampai tanggal 13 Juli 2021, sampai saat ini (tanggal 16 Juli 2021) blm sampai, padahal itu makanan. Dikirim dri tanggal 11 Juli 2021, bayangkan sdh terlalu lama dijalan. Diajukan komplain ke Toped tanggal 14 Juli 2021, dan diberi batas waktu sampai tanggal 16 Juli 2021 ke penjual. Eh siang ini diperpanjang lagi 3 hari sama toped utk pengecekan internal pengiriman. Mau berapa lama itu makanan dijalan. Parah banget."
Pengguna Google,5,2022-06-06 05:17:53,Semoga lebih baik..
Pengguna Google,5,2021-07-14 11:23:28,Good
Pengguna Google,5,2022-06-27 14:08:52,banyak promonya keren
Pengguna Google,1,2023-09-27 13:03:43,kebanyakan biaya layanan
Pengguna Google,5,2021-06-07 17:15:10,Terimakasih
Pengguna Google,5,2021-12-25 12:34:26,Mantap .Alhamdulillah jualanku jadi lebih laku
Pengguna Google,3,2021-10-20 13:16:57,"Tolong lebih dipercepat pengirimannya, setiap belanja pasti barang datang pas tanggal akhir dari pengiriman"
Pengguna Google,4,2021-10-27 02:50:42,mantap
Pengguna Google,1,2021-07-04 06:37:36,Lumayan dpat 5 juta klau gk d tipu
Pengguna Google,5,2021-09-04 21:17:20,ok
Pengguna Google,5,2024-02-19 08:26:59,luar biasa
Pengguna Google,5,2021-10-05 07:18:05,Mantuuuuuuuuul
Pengguna Google,5,2022-05-25 01:26:53,Ok
Pengguna Google,5,2021-07-15 10:28:43,"Sy baru pertama kali,,"
Pengguna Google,5,2022-01-28 13:21:12,good
Pengguna Google,5,2021-08-17 06:26:33,Aplikasi yang sangat membantu untuk penjualan produk kami
Pengguna Google,1,2023-01-28 09:15:46,ngadain promo diskon tapi dibatalin semua duh gajelas bgt tokped👎🏻👎🏻👎🏻👎🏻👎🏻👎🏻👎🏻👎🏻👎🏻👎🏻👎🏻👎🏻👎🏻👎🏻👎🏻
Pengguna Google,5,2022-10-16 12:42:37,Top
Pengguna Google,4,2021-06-02 17:43:16,Menyenangkan buat ngabisin duit 😂😂
Pengguna Google,5,2021-09-27 10:54:48,Luar biada
Pengguna Google,1,2023-05-09 14:07:51,banyak Pembatalan nya anjir padahal baru pertama kali pake eh malah kayak gini kesan pertamannya
Pengguna Google,1,2021-12-27 04:52:08,Raenek seng gratis blog
Pengguna Google,4,2021-05-18 16:02:52,4 dl kl sesue harapan sy. sy tambah lg
Pengguna Google,1,2024-03-27 06:33:39,"Tokopedia kenapa kau buat susah diriku,tiap mau beli,mau bayar pakai gopay selalu gagal,napasih ko bisa jadi begini buatku kecewa aja"
Pengguna Google,2,2022-05-22 13:18:30,"Akhir2 ini belanja di tokped meleset mulu dari estimasi barang sampai, order sameday nyampenya 2 hari setelah nya. Kurir instan juga pernah, tolong tekanin lagi dong le seller harus gercep pas orderan khususnya instan or sameday masuk, soalnya kita bayar lebih karena butuh cepet! Kalo nyampenya sama aja kyk reguler mah buat apa ada opsi kurir instan or sameday!"
Pengguna Google,5,2023-08-04 01:46:56,Ok
Pengguna Google,3,2021-12-18 01:09:47,Coba
Pengguna Google,5,2021-12-17 03:11:38,mantab
Pengguna Google,5,2021-04-30 14:40:16,Bagus sekali
Pengguna Google,5,2021-09-23 09:29:21,sangat dan membutuhkan
Pengguna Google,1,2024-06-13 09:22:06,Shopee is better.
Pengguna Google,4,2022-05-06 02:20:38,Mantap
Pengguna Google,5,2021-06-30 05:10:50,mantap
Pengguna Google,5,2021-12-31 06:20:45,yhh dpt bembeng gratis dr Tokopedia
Pengguna Google,5,2021-09-13 07:46:09,Mantul
Pengguna Google,5,2024-04-09 07:24:36,"Dari sisi penjual ada opsi jasa pengiriman yang tersedia didekat lokasi penjual. Saya pikir, akan lebih baik jika di sisi pembeli juga bisa memilih Jasa pengiriman apa yang ingin dipakai berbelanja. Disetiap daerah, performa jasa kirim berbeda-beda. ada yang cepat, lambat, bermasalah di kurirnya... jadi supaya pembeli punya kebebasan memilih jasa kirim di pengaturan akunnya. terima kasih tokopedia."
Pengguna Google,5,2021-04-10 06:46:23,Sangat bermanfaat dan mantap
Pengguna Google,3,2021-07-11 07:22:24,"metode pilih pembayaran bermasalah, selalu blank. tolong diperbaiki."
Pengguna Google,1,2021-10-23 18:56:18,Susah pakai tokped barang dicancel uang jadi koin gk guna
Pengguna Google,3,2021-08-22 16:14:47,semoga makin maju..semoga banyak bonusnya.3 bintang aja dlu kalo pesanan saya datang dg rp.0 saya tambahin 2 LG jd bintang 5
Pengguna Google,5,2021-05-22 12:43:07,"bagus banget aplikasinya, diskonnya gede gede. ayo pake produk negara sendiri🙌"
Pengguna Google,5,2021-09-24 16:22:52,baguss banget
Pengguna Google,2,2021-07-05 04:37:18,"Sorry tapi ini gak jelas bangettt, baru pertama kali mau beli tiba tiba malah dibatalin dari pihak tokped katanya ""dugaan manipulasi transaksi"". Terus aku coba lagi eh promo free ongkir ku gk ada semua padahal tadi masih ada 2. Tolong diperbaiki lagi ya biar yg mau belanja di tokopedia jadi nyaman gk kayak gini"
Pengguna Google,5,2021-11-04 01:52:28,bagus bgt
Pengguna Google,1,2023-10-14 11:58:02,Aplikasi ini tidak real
Pengguna Google,5,2023-01-07 12:30:51,Ok
Pengguna Google,5,2022-12-06 13:54:07,"Baru kali ini saya di permainkan sama penjual di tokopedia... Jadi ngeribetin beli onlinenya.... Saya tinggalin jalau ga bisa bantu komplainnya... biasanya gampang sekarang ngeribetin pembeli, harus antar manual le tempat kurir ga di ambil ke rumah lagi... padahal saya lagi di luar kota.. Kesalahan bukan di pembeli, di kasih waktu 24 jam kalau ga di kirim jadi molil penjual yang barangnya datang bukan barang yang di beli... kacau...!!!"
Pengguna Google,5,2021-07-30 12:03:53,Bagus
Pengguna Google,1,2022-09-01 02:15:07,"Sekarang tokopedia setiap belanja ada tambahan seribu tidak seperti dlu lgi tampa tambahan seribu, jdi saya udh agak malas belanja di tokopedia, apa lgi waktu saya belanja COD pas di aplikasi tidak ada tambahan seribu tpi pas barang data ada tambahan seribu, jdi klu bisa tambahan seribu di ilang kan jdi entr saya belanja lgi. ."
Pengguna Google,2,2021-11-02 09:21:59,Kecewa semenjak ada gopay coin kenapa jadi ga bisa di pake buat pembayaran.setiap melakukan pembayaran menggunakan gopay coin pasti gagal terus
Pengguna Google,2,2021-10-11 07:47:15,"Untuk masuk ke akun sendiri aja susah amat ya. Nomor yg saya gunakan masalahnya udah ilang tp saya cantumkan alamat email,password pun masih sama,tp masa di suruh sms k nomor yang ilang. Gimana saya tau kodenya kalo nomornya ilang. Masalahnya kan akun gopay n akun ovo saya masi pake nomor itu. Gimana mau aktifinya klo beda nomor coba. Heran."
Pengguna Google,5,2023-04-15 09:52:21,sangat membantu
Pengguna Google,5,2022-12-21 13:16:27,profesional
Pengguna Google,5,2022-08-02 14:43:36,ManteeppLaaahh... tOkoPedia is tHe Best🤗🤗😍😍
Pengguna Google,5,2021-03-29 08:58:38,Tokopedia sngt bngus
Pengguna Google,1,2021-07-31 05:47:32,Tdk suka'
Pengguna Google,5,2021-09-24 03:30:56,Download aj cuk!!!!!!!!!!!!!!!!!!!!!!!!!!!!!!!!!!!!!!!!!!!!!!!!!!!!!!!!!!!!!!!!!!!!!!!!!!!!!!!!!!!!!!!!!!!!!!!!!!!!!!!!!!!!!!!!!!!!!!!!!!!!!!!!!!!!!!!!!!!!!!!!!!!!!!!!!!!!!!!!!!!!!!!!!!!!!!!!!!!!!!!!!!!!!!!!!!!!!!!!!!!!!!!!!!!!!!!!!!!!!!!!!!!!!!!!!!!!!!!!!!!!!!!!!!!!!!!!!!!!!!!!!!!!!!!!!!!!!!!!!!!!!!!!!!!!!!!!!!!!!!!!!!!!!!!!!!!!!!!!!!!!!!!!!!!!!!!!!!!!!!!!!!!!!!!!!!!!!!!!!!!!!!!!!!!!!!!!!!!!!!!!!!!!!!!!!!!!!!!!!!!!!!!!!!!!!!!!!!!!!!!!!!!!!!!!!!!!!!!!!!!!!!!!!!!!!!!!!!!!!!!!!!!!!!apa liat²
Pengguna Google,3,2021-06-19 17:20:03,alhamdulilah bisa lebih hemat dgn blanja di sini
Pengguna Google,5,2024-01-26 11:23:52,Kurir rekomendasi yang membagongkan
Pengguna Google,5,2022-08-08 04:40:01,Ok
Pengguna Google,5,2021-06-16 22:04:37,Lom pernah blanja...member baru cari2 yg di butuhkan
Pengguna Google,5,2022-07-28 15:23:22,top
Pengguna Google,5,2021-08-14 19:46:40,Ok
Pengguna Google,5,2021-07-21 13:21:37,Terima kasih atas pelayanan
Pengguna Google,2,2021-07-08 09:01:21,bagus
Pengguna Google,5,2022-01-02 07:15:38,mantap
Pengguna Google,5,2021-07-17 03:16:12,Cukup bagus gpp saya hargain aja ☺️
Pengguna Google,1,2022-11-11 05:30:14,"ongkir sama promo ngk bisa digabung sekarang, prihatin"
Pengguna Google,4,2022-03-05 23:52:21,Ok
Pengguna Google,5,2022-12-30 07:28:18,top
Pengguna Google,1,2023-04-11 11:39:26,Skr tokped dah ga kaya dulu lagi..setiap hari gratis ongkir n cashback sepanjang tahun..coba di evaluasi...pasti thn 2019-2020 the best year utk tokped.... Sebelum hijau berubah jadi orange..mending di evaluasi lagi deh...salam toko ijo..
Pengguna Google,2,2021-06-20 00:33:07,Jika saya dapat hadiah berupa uang tunai. Harus kemana me ngambilnya. Dg cara apa?
Pengguna Google,5,2021-04-29 14:57:00,Nice
Pengguna Google,5,2022-02-10 11:38:53,mantap toped selalu berikan bonus point.s dan pengiriman selalu bgus tdk sperti toko sebelah
Pengguna Google,1,2023-11-23 12:28:38,"Saya sangat kecewa sama Tokopedia, saya member diamond, yg mana pembelanjaan saya pertahunnya ratusan juta soalnya buat kebutuhan perusahaan, tapi kendala di sini yaitu soal cashback, pas check out cashback besar saya liat pas udah nyampe kecil, contohnya tadi barusan belanja 7jt tertera cashback 250rbuan pas dapet cuma 30rb, mungkin banyak yg nakalnya di sini"
Pengguna Google,5,2021-08-07 00:27:36,Bagus bagus juga ini
Pengguna Google,5,2021-09-19 19:29:15,Beatiful
Pengguna Google,1,2021-09-16 11:39:53,"bosen gua update melulu,mana lamaaaaaaaaa"
Pengguna Google,5,2021-08-26 12:10:31,Good job
Pengguna Google,5,2021-08-25 04:21:45,Terima kasih 🙏
Pengguna Google,5,2021-12-08 08:24:47,"untuk jasa pengiriman antar aja sebaiknya ditiadakan, bikin jengkel paket gx sampai2"
Pengguna Google,1,2021-11-16 13:26:14,Kerena jelek
Pengguna Google,5,2021-06-18 22:41:28,Selalu memberikan kemudahan dalam penjualan produk
Pengguna Google,4,2021-08-12 15:23:57,mantap dapat 5gb
Pengguna Google,4,2021-12-28 04:22:57,oke mntp
Pengguna Google,5,2021-08-21 06:13:20,👍
Pengguna Google,5,2022-03-18 15:06:19,aman dalam bertransaksi
Pengguna Google,4,2022-02-24 02:29:13,Yang mulia d! isisiNya y. K n
Pengguna Google,5,2021-09-29 03:28:39,mantap
Pengguna Google,1,2022-03-26 14:18:18,"Mau batalin produk baru 3 menit transaksi, harus memohon2 sama seller.. Padahal butuh urgent, karena gak tau ternyata barang dr surabaya, dikira di jkt soale tulisannya dilayani tokped, ku kira djkt.. Mending Shopee, langsung bisa.. Berbelit2 tokped.. Yg penting kan brg nya blm dikirim, baru 3 menit ya Allah.. Barang butuh urgen ya Allah.. Udh tulisan pengiriman bohong, pas awal estimasi 27 maret smpe, udh bayar berubah 28 maret sampe.."
Pengguna Google,1,2022-02-07 15:22:47,Awkwkwk dah tau ratting buruk dan ga jelas masih aja pada nginstalll
Pengguna Google,5,2022-04-12 07:38:02,"Good Job Tokopedia,,"
Pengguna Google,5,2021-04-16 15:16:06,tq tokped.. sukses selalu
Pengguna Google,5,2022-10-01 07:33:47,Sangat mudah membeli platihan prakerja semoga cepat keluar sertifikat didasboard
Pengguna Google,5,2021-09-25 22:20:05,mantap
Pengguna Google,5,2021-04-15 04:11:49,Bagus
Pengguna Google,1,2024-07-05 21:20:51,Pengiriman sekota aja sampe 3 hari parah
Pengguna Google,5,2021-03-27 03:25:06,Ok
Pengguna Google,5,2022-05-18 11:23:57,Tokopedia sangat dan amat membantu hidup saya 🤣🤣🤣🤣🤣
Pengguna Google,1,2022-10-23 05:42:16,"Kapok gw belanja di tokopedia, komplain pesanan yg gak sampai jg udah hampir 1 bulan gak kelar kelar, ribet banget anying, sampe skrg duit gw blom balik kamprettt"
Pengguna Google,5,2021-08-11 03:54:34,Ok lah
Pengguna Google,5,2021-08-18 10:01:13,mantap
Pengguna Google,2,2022-04-17 05:34:31,Saya membantu banget dgn aplikasi ini. Tp knp saya mau belanja gk bs selesai di tahap pembayarannya. Pas mau pembayaran pasti balik lg ke menu sebelumnya. Sudah saya hapus dan instal ulang aplikasinya. Tp masih aja gk bs buat belanja.
Pengguna Google,5,2022-01-26 22:32:53,cukup memuaskan
Pengguna Google,1,2021-10-22 05:51:20,Maaf gw hapus apk lu ngasih traktiran transaksi pertama tiba2 di batalkan jelas2 baru order pertama
Pengguna Google,5,2022-02-05 17:21:22,Sangat asik sekali aplikasi ini
Pengguna Google,5,2021-06-10 16:39:07,Aplikasinya bagus ... Mudah digunakan ....
Pengguna Google,3,2023-11-23 06:00:12,Aduuhh please lah Rumah Toped Jangan Gangguan Mulu. Norak malu maluin kayak aplikasi zaman dulu.
Pengguna Google,5,2021-12-09 04:58:17,mantap
Pengguna Google,4,2021-09-24 10:16:38,suka banget aplikasi ini
Pengguna Google,5,2021-04-05 18:26:57,Belajar puas
Pengguna Google,5,2021-04-02 14:22:46,ok banget
Pengguna Google,5,2023-12-01 02:50:19,👍👍👍👍👍
Pengguna Google,1,2022-02-23 02:20:19,"Aplikasi paling lemot, ribet. Mau beli token listrik aja prosesnya berjam-jam dengan status ""menunggu operator"". Sudah proses lama ujung-ujungnya transaksi gagal."
Pengguna Google,1,2021-06-20 19:08:03,Tolng dong jgn PHPin trus bilng dpt hdiah tpi udh di downlod gk ad ..bilng barang mau di kirim apaan sih ..tolong stop jgn ad pngiriman atw hadiah sgala lh .
Pengguna Google,5,2021-03-27 23:46:12,ga bagus ahh kalo ga gratis ongkir🤣
Pengguna Google,5,2021-11-02 04:13:04,tokopedia memang mantap. banyak bonusnya
Pengguna Google,2,2021-07-02 23:42:00,biasa aja aplikasi nya gk enak bru pertama kali pke tpi transaksi mlh dibatalkan
Pengguna Google,5,2021-05-22 02:32:22,Terima kasih tokopedia
Pengguna Google,1,2022-03-23 09:24:16,"Pesanan tiba tiba di batalkan sistem, mau Uninstal aj"
Pengguna Google,3,2021-07-19 08:36:27,Sangat menyenangkan
Pengguna Google,3,2022-10-21 23:53:01,"Proses pengembalian dana refund lama .!Chat dari pagi CS nya , sampai sekarang belum balas . Kurir rekomendasi sangat buruk , bisanya barang gak sampai-sampai !!"
Pengguna Google,5,2021-04-21 05:07:06,Sangat.............................................. jelek......................et tapi bohong hayuk
Pengguna Google,5,2021-11-24 19:55:28,"ok sangat membantu ,"
Pengguna Google,5,2021-04-03 18:03:07,Lengkap dan murah
Pengguna Google,5,2021-05-20 14:29:17,Terima Kasih. Aplikasinya sangat membantu😀😄😊
Pengguna Google,2,2021-04-15 07:19:20,Mudah2an bermanfaat
Pengguna Google,5,2022-02-01 08:36:54,Mantul bosss
Pengguna Google,5,2022-06-23 14:15:06,semoga tetap jaya
Pengguna Google,5,2021-04-04 13:03:06,sangat membantu sekali
Pengguna Google,5,2021-09-26 07:12:57,Bagus banget
Pengguna Google,5,2021-12-14 12:29:58,toko pedia memang top
Pengguna Google,5,2022-03-12 14:13:09,Tokopedia mmg ok
Pengguna Google,3,2023-12-14 12:47:45,"Kenapa kok codnya dikit banget , aku masih pelajar kesusahan kalau mau beli barang yg kuinginkan tapi gk bisa cod"
Pengguna Google,1,2021-08-28 10:22:03,Enakan shopee
Pengguna Google,4,2021-12-03 11:16:09,Ya bagus sihh. Menarik. Cocok buat aku😉
Pengguna Google,5,2021-05-22 12:31:45,"Harga bersaing. Pembayaran mudah, free ongkir beneran tdk abal2 kayak yg lain... 😁"
Pengguna Google,5,2022-03-02 11:35:01,mantap
Pengguna Google,5,2021-06-23 16:12:44,nice
Pengguna Google,1,2023-01-28 23:16:12,"Ongkir gak ngotak. Beli barang kecil dan ringan aja ongkirnya dihitung 2kg. Kalau gak niat ngasih gratis ongkir, gausah. Mending toko oren ongkir sangat masuk akal dan vochernya real semua. Dari segi tampilan juga oke toko oren. Tokopedia fitur filter dan pencarian gak jelas. Nyampur semua jadi satu"
Pengguna Google,5,2021-08-21 13:21:10,Sejauh ini aman aman aja. Mudahan-mudahan seterusnya aman aman saja. Jadi dunia ini aman aman saja.
Pengguna Google,5,2021-11-30 12:06:13,Terbaik
Pengguna Google,5,2021-07-12 11:01:02,Baguss
Pengguna Google,5,2024-06-01 08:17:48,mudah di pahami
Pengguna Google,5,2021-08-05 10:51:19,Semoga lancar
Pengguna Google,5,2021-07-24 16:34:47,gunakan tokopedia marketplace idaman
Pengguna Google,4,2021-12-12 07:51:56,good job
Pengguna Google,5,2022-04-03 20:46:48,Sangat membantu sekali
Pengguna Google,5,2022-08-01 00:10:00,Baru instal pengen jadi seller di tokped. Smg laris lancar barokah 🤲🏻 aamiin
Pengguna Google,5,2022-01-27 11:25:31,ok
Pengguna Google,1,2022-02-24 07:22:37,busuk
Pengguna Google,4,2021-04-18 06:33:12,Bagus
Pengguna Google,5,2021-09-08 02:16:36,mantaf
Ayuni humairoh,5,2021-03-24 15:49:54,sangat membantu
Pengguna Google,5,2021-03-31 10:44:59,baik
Pengguna Google,1,2021-09-02 23:39:52,Download Shopee aja Yuuu;)
Pengguna Google,5,2021-05-11 14:30:37,"Mengapa saya tidak bisa beli paket pelatihan bahasa ingris pakai saldo kartu prakerja...Tolong dibantu vertifikasi nomer hp,lah kan padahal sudah sesuai dengan nomer di kartu prakerja."
Pengguna Google,5,2022-01-21 08:54:34,wow
Pengguna Google,1,2022-11-04 13:12:09,Yah gila lah masa gratis ongkirnya ga bisa di gabung sama cashback kalo gitu buat apa saya langganan plus kalo ga bisa di pakai. Buang buang duit aja kapok lah langganan di tokped 🤬😡. Ga kaya si Oren walaupun di pisah antara voucher cashback dan gratis ongkir tapi 2 2 masih bisa tetep di pake walaupun gratis ongkir yang tanpa min belanja jarang jarang ada. Dah lah beralih ke si Oren aja paling bener 😡
Pengguna Google,5,2021-03-25 03:30:56,Terimakasih tokopedia
Pengguna Google,5,2021-06-21 04:06:59,Mantap
Pengguna Google,1,2021-04-02 02:06:40,"Tokped g ky apk sblh vochere grts ongkir dan tmbhan bonus dr apk sblh lbh bnyk dibanding disini Disini katanya grts ongkir? Mana ada grts ongkir disini ,mna yg kata ngadain grts ongkir? ,oh y cod ada tmbhan biayaya prh bgtsi :))) ecomere pling jrg ngadain bonus hnya disini. Unistal ajala"
Pengguna Google,1,2021-09-18 16:02:40,Najis cuma PHP aja . Pengguna baru dpet hadiah ehh pas di Cekout malah dibatalin sepihak udah gitu beli pulsa gak ada diskon padahal pengguna baru . Nyesel download .
Pengguna Google,5,2021-10-25 13:28:38,sangat membantu
Pengguna Google,1,2022-10-05 10:02:51,"Semenjak pake artis korea di iklan nya,jadi malas belanja di tokped.dan gitu voucer juga ga kaya dulu sebelum pake artis korea,lebih sedikit sekarang.paling klau ga ganti iklan nya pake artis indonesia makin ga laku tokped"
Pengguna Google,2,2021-05-01 05:27:58,"Tolong dibenahi metode Pembayaran metode syariah, karena bank BRISyariah sudah tidak aktif lagi diganti dengan bank BSI"
Pengguna Google,5,2024-05-20 01:14:08,Baik
Pengguna Google,2,2021-06-29 03:21:37,Gak ber kualitas baget
Pengguna Google,1,2021-08-15 03:00:53,Dari bintang 5 jdi 1. Barang saya udah pesan dan bayar malah di batalkan. Dan susah ngambil uangnya lagi.
Pengguna Google,4,2023-10-28 08:57:08,mantap
Pengguna Google,5,2021-05-07 12:57:35,The Best
Pengguna Google,5,2021-12-24 18:21:15,Mantull mantap betulll
Pengguna Google,5,2021-06-19 11:52:55,Nyaman dan murah
Pengguna Google,1,2024-01-05 06:42:01,"Ini aplikasi tk bisa di pakai ni...berbeli belit tak jelas,pengiriman lama..estimasipun berubah ubah...itu si cepat ganti nama aja jd si lelet bikin org halu...."
Pengguna Google,5,2022-04-19 18:30:04,mantap tokped
Pengguna Google,5,2022-03-11 08:07:21,Ini bis dapat gratia ongkir 10 4ibu makasih tokopedia
Pengguna Google,5,2021-05-24 17:07:27,Aplikasi nya bagus
Pengguna Google,5,2022-04-25 05:43:21,its really great
Pengguna Google,5,2022-02-05 21:27:51,bagus
Pengguna Google,5,2021-03-25 14:13:36,sangat bagus
Pengguna Google,5,2021-04-23 14:27:59,Baik
Pengguna Google,2,2023-03-08 04:01:54,"Bertahun² pake tokped, baru x ini update aplikasi aj kudu hapus ini itu. Ga semua org pake hp KEREN yg bs update/download apapun. Jangan sampe lama² uninstal jg niihh."
Pengguna Google,5,2021-04-29 20:51:39,Salah satu aplikasi yang terbaik👌👍
Pengguna Google,5,2021-05-29 13:58:36,mantap menyala goto
Pengguna Google,5,2024-04-18 13:53:20,good
Pengguna Google,1,2022-12-07 21:24:00,Sudah tidak bisa mendapatkan cashback dan sekaligus menggunakannya saat ada promosi di toko resmi..
Pengguna Google,1,2024-01-13 09:37:20,"Gratis ongkir apaan, ongkir sangat mencekik, lebih murah di toko sebelah"
Pengguna Google,5,2024-01-07 00:15:16,gegeh
Pengguna Google,1,2021-09-14 04:50:45,Bermain olah raga
Pengguna Google,5,2021-12-05 22:27:53,keren
Pengguna Google,1,2024-02-22 00:58:19,Sistemnya merugikan PEMBELI..
Pengguna Google,5,2021-08-25 16:30:38,Sangat membantu
Pengguna Google,1,2023-09-05 23:58:17,"Parah, mau pantau orderan saya.. Gitu mau login tokopedia kok g bisa.. Slalu kluar notifasi ""sesi anda telah habis"" Pdahal sy sudah masuk berkali² tetep saja sesi anda telah habis, Maksudnya apaaaa... Say lg mau mantau jualan sy, kalau TDK ada perbaikan pada sistem/fitur Tokopedia...bisa jadi ini mungkin awal dari kehancuran tokopedia sprti toko biru yg sudh duluan kukud gulung tikar"
Pengguna Google,5,2021-09-04 11:56:59,"Beli pelatihan prakerja di tokopedia, prosesnya mudah dan lancar, terima kasih tokopedia"
Pengguna Google,5,2022-03-18 00:58:58,Is the best ✅
Pengguna Google,1,2024-04-17 07:00:59,Terlalu banyak iklan mengganggu saya dalam menggunakan WhatsApp
Pengguna Google,5,2023-01-19 07:19:38,semoga dapat bersaing dengan toko sebelah
Pengguna Google,5,2021-05-27 20:25:13,sangat memuaskan
Pengguna Google,5,2021-11-08 08:56:41,keren apk nya
Pengguna Google,1,2022-07-26 09:04:23,Tolong diganti untuk pemilihan ekspedisinya. Ekspedisi Anteraja ini lambaattt banget
Pengguna Google,5,2021-07-01 04:19:34,Gooddddddd
Pengguna Google,5,2021-12-11 20:07:40,Good 👍
Pengguna Google,1,2024-05-28 04:29:02,Coba lagi esok
Pengguna Google,5,2022-09-22 01:35:06,Banyak Promonya🥰
Pengguna Google,4,2021-05-27 05:44:14,baik
Pengguna Google,5,2021-12-07 12:41:28,Ok
Pengguna Google,5,2022-04-19 07:19:21,Baru download
Pengguna Google,1,2022-03-13 01:59:28,"Satu bintang 1 cukup kan?, malesin bgt cari produk vape ga bisa di applikasi langsung. Sayang bgt promo gratis ongkir kdng ga kepake mlu gara"" Nyari barang selalu di browser trs..."
Pengguna Google,5,2021-03-27 06:48:59,good school for akademi prakerja
Pengguna Google,5,2022-04-22 09:46:56,suka bgtt
Pengguna Google,5,2021-06-16 23:08:27,Mantaap
Pengguna Google,1,2022-01-16 11:41:25,Aplikasi banggong tolol kirain beneran belanja 0 rupiah ehh udah pesen kabel cas yang murah iya bner 0 rupiah tapi setelah tunggu tunggu kok gak Dateng Dateng padahal alamat bner eh pas diliat transaksi nya dibatalkan oleh sistem sakit hati aing teh sia
Pengguna Google,5,2021-04-13 13:41:16,"Aplikasi e-commerce yang bagus bangett semua bisa di akses disini, good luck tokped👍"
Pengguna Google,5,2024-05-21 15:36:08,Keep amanah
Pengguna Google,5,2022-10-07 03:46:10,sukses selalu dan semoga dipertahankan kualitasnya
Pengguna Google,5,2022-08-05 07:52:47,mantaappppp
Pengguna Google,5,2021-09-19 06:08:19,"Wahhh saya suka bgt dengan tokopedia ini, karena saya membeli pelatihan prakerja disini bisa membuat saya lebih faham dgn cara²nya"
Pengguna Google,5,2021-10-04 18:35:51,"Saya naikin,mudah mudahan bisa membantu devoloper.NG-v:)"
Pengguna Google,5,2021-04-04 16:24:10,bagus
Pengguna Google,3,2021-03-30 03:41:21,Sangat membantu dan hasil nya sangat memuaskan... Terimakasi tokopedia
Pengguna Google,5,2022-05-05 12:10:05,the best pokoknya
Pengguna Google,4,2021-06-16 05:12:14,Good
Pengguna Google,3,2021-10-22 06:19:34,Ini apk nya yang error' apa hp ku yang error' kalo buat cod gak ada terus gimana
Pengguna Google,5,2021-11-12 15:51:55,"Makasih tokped untuk pengguna baru belanja 0 rupiah, ambil barang yg bener2 berguna hehe"
Pengguna Google,5,2021-05-29 11:40:50,Semoga bermanfaat
Pengguna Google,5,2021-04-16 03:34:25,Barang yg di terima sesuai pesanan
Pengguna Google,1,2022-11-23 03:11:12,"barang lama amat nyapenya, padahal jarak solo - sragen aja lama. belanja di shope aja solo-sragen sehari nyampe."
Pengguna Google,1,2021-09-20 09:52:25,Kecewa sih sama pelayanan sekarang beda sama yang dulu. Yaitu TokopediaCare nya
Pengguna Google,1,2021-03-28 09:10:28,"Kenapa si ketika saya daftar ga bisa bisa, udh ada 7kali Makai nomer hape Makai email ttp aja gabisa gimana si, tulisan nya rumah topped nya eror Mulu"
Pengguna Google,3,2022-12-21 02:07:27,"Pelayanan buruk, status pengiriman tidak update dan tindakan perbaikan dari CS tidak solutif"
Pengguna Google,5,2021-04-28 03:09:30,Tokopedia terbaik deh Soal kemarin yg komen gk sopan itu temen saya jail maaf nih ye
Pengguna Google,5,2021-06-01 07:30:23,Best online shop apk 2018!!
Pengguna Google,5,2021-12-12 02:52:40,mantap dahh 🤗🤗
Pengguna Google,5,2021-07-16 21:39:44,"Toko pedia selain belanja murah, barang 2 nya berkualitas semua. Insya allah nggak bakalan rugi belanja di toko pedia..."
Pengguna Google,1,2022-10-13 11:58:41,Slow respon ...adminya pada kemana halo toko pedia ...status pengiriman masih d proses kalo status nya masih proses kapan d kirim nya
Pengguna Google,1,2021-12-07 13:32:56,Jelek sponsor terus cok hp ya kentang
Pengguna Google,5,2021-04-01 11:25:02,mantap
Pengguna Google,5,2022-05-19 07:13:57,cant open application..bad connection..
Pengguna Google,5,2022-11-13 03:01:14,terimakasih dengan semua fasilitas kemudahan yg diberikan☺️🙏
Pengguna Google,5,2022-02-23 12:54:57,bagus
Pengguna Google,5,2022-02-18 17:07:58,Sudah gabung lama di toped
Pengguna Google,5,2021-07-02 12:58:43,mantul
Pengguna Google,5,2021-03-27 02:44:44,Keren Tokopedia
Pengguna Google,5,2022-06-29 03:12:04,luar biasa
Pengguna Google,1,2021-11-13 14:21:31,Gima ini kok gak bisa didonlod
Pengguna Google,1,2021-10-01 14:38:32,Kurang suka
Pengguna Google,5,2022-09-05 20:24:51,dah mantap pakai si ijo
Pengguna Google,4,2022-09-29 02:19:56,Belanja lebih efisien
Pengguna Google,1,2024-07-16 16:33:36,Apk aneh masa barang udah di bayar malah di batalin
Pengguna Google,2,2023-04-27 09:28:45,Kenapa tidak bisa di update min
Pengguna Google,5,2021-09-19 14:55:49,tokopedia memang oye....belanja apa aja tinggal klik klik😁
Pengguna Google,1,2023-01-30 05:24:11,Customer Service nya buruk dalam pelayanan!
Pengguna Google,5,2021-04-16 21:01:34,Keren
Pengguna Google,5,2022-02-05 04:31:34,syukak
Pengguna Google,5,2022-08-12 06:02:29,nice
Pengguna Google,2,2024-03-16 12:58:37,Kok sering ada perintah update kk? Kalo memori sy penuh bgmn?
Pengguna Google,5,2021-06-07 23:07:34,terimakasih
Pengguna Google,5,2022-12-21 00:47:04,mantap
Pengguna Google,5,2021-10-05 01:54:29,🤏🏻🤏🏻🤏🏻
Pengguna Google,5,2021-10-16 23:37:50,Sangat baik ni
Pengguna Google,5,2024-07-05 03:27:29,"Keren belanja mudah ,jelas."
Pengguna Google,5,2024-07-27 01:40:25,"Sering terkendala di pengiriman, karena melebihi estimasi terutama JNE paket bisa satu Minggu baru sampai, untuk Tokopedia ini poin penting agar kedepannya bisa ada solusi."
Pengguna Google,5,2021-12-12 08:30:50,murah terjamin
Pengguna Google,5,2021-09-30 11:21:41,Mantap
Pengguna Google,5,2022-01-19 04:15:36,"bahagia belanja di tokopedia,banyak diskonan."
Pengguna Google,1,2022-03-22 10:42:53,Gmn sih cara pakai gopay coins... Sy bgt blm di pake gopay coins nya...
Pengguna Google,5,2021-09-12 02:16:58,mantab
Pengguna Google,5,2021-05-11 07:16:36,Memang ok
Pengguna Google,5,2023-11-12 07:32:57,lebih banyakin diskon ya
Pengguna Google,1,2022-10-11 22:59:16,Dengan sistem pengiriman terbaru kurir rekomendasi pengiriman SANGAT LAMA
Pengguna Google,5,2021-08-04 04:17:43,!!!!!!!!!!!!!!!!!!!!!!!!!!!!!!!!!!!!!!!!!!!!!!!!!!!!!!!!!!!!!!!!!!!!!!!!!!!!!!!!!!!!!!!!!!!!!!!!!!!!!!!!!!!!!!!!!!!!!!!!!!!!!!!!!!!!!!!!!!!!!!!!!!!!!!!!!!!!!!!!!!!!!!!!!!!!!!!!!!!!!!!!!!!!!!!!!!!!!!!!!!!!!!!!!!!!!!!!!!!!!!!!!!!!!!!!!!!!!!!!!!!!!!!!!!!!!!!!!!!!!!!!!!!!!!!!!!!!!!!!!!!!!!!!!!!!!!!!!!!!!!!!!!!!!!!!!!!!!!!!!!!!!!!!!!!!!!!!!!!!!!!!!!!!!!!!!!!!!!!!!!!!!!!!!!!!!!!!!!!!!!!!!!!!!!!!!!!!!!!!!!!!!!!!!!!!!!!!!!!!!!!!!!!!!!!!!!!! ayu buruan download tokopedia ini aplikasi belanja terbaik
Pengguna Google,5,2021-08-03 04:38:11,Bener2 puas
Pengguna Google,5,2021-05-04 00:46:23,Online shop yg keren.. Jd sering belanja..😅
Pengguna Google,5,2021-06-21 16:46:11,Ok
Pengguna Google,5,2022-01-14 11:15:47,mantap
Pengguna Google,4,2021-03-29 18:28:55,ok
Pengguna Google,5,2021-09-22 06:20:49,Baguussss
Pengguna Google,1,2023-09-29 06:22:18,"Sudah chekout dibatalkan sistem terus, beli pulsa di batalkan sistem, penarikan dana refund susah lagi"
Pengguna Google,5,2022-03-26 06:08:09,"Belanja di rumah saja,,,tokopedia serba ada, kebutuhan apa pun"
Pengguna Google,5,2021-09-03 00:02:29,Lebih perhatiaan lagi agar tidak kesulitan
Pengguna Google,5,2021-03-31 11:16:07,Bagus
Pengguna Google,5,2021-08-23 14:00:51,aplikasi cepat dan bagus
Pengguna Google,5,2021-11-05 02:36:02,sangat membantu
Pengguna Google,5,2021-03-25 10:50:38,Mantan.. Semakin bayak menu nya.. Mantan deh.. Banyak promo juga..
Pengguna Google,5,2022-09-17 07:30:49,bagus bangat
Pengguna Google,5,2021-04-27 04:49:05,Kenapa disuruh up date terus ya
Pengguna Google,5,2021-12-22 03:10:50,Good
Pengguna Google,5,2021-12-08 13:10:49,good
Pengguna Google,5,2023-10-24 03:24:22,sangat membantu sekli terbaik pokoknya toko pedia
Pengguna Google,5,2022-06-07 11:32:14,Sementara ini ok2 saja saya pake toko ijo cm tolong privasi pengguna agar bisa di jaga dgan baik Moga gk kejadian lagi di toko sebelah data bocor kemana2 pengguna yg di salah2 in
Pengguna Google,5,2022-04-14 12:53:21,luar biasa
Pengguna Google,5,2021-11-10 04:46:16,Sekarang lebih mudah bisa bayar pakai gopay
Pengguna Google,5,2021-10-26 04:40:09,sangat memuaskan
Pengguna Google,3,2022-06-21 08:07:34,"Metode sidik jari kenapa tidak ada lagi? Padahal itu lebih memudahkan untuk login,.."
Pengguna Google,3,2024-07-16 08:30:52,Semakin di update kok semakin keluar sendiri akun nya sih.
Pengguna Google,1,2022-10-18 13:23:33,Saya menemukan adanya toko online (di shoope) harga yang lebih murah untuk barang yang sama
Pengguna Google,1,2023-11-12 08:39:15,Gk ada fitur cod di saya tolong jawab sesuai pertanyaan jngn mohon maaf
Pengguna Google,5,2021-11-24 00:12:36,mantap
Pengguna Google,5,2021-08-11 09:57:19,👍👍👍👍
Pengguna Google,5,2022-02-05 00:48:44,goodnice
Pengguna Google,4,2021-06-03 17:31:02,ok banget
Pengguna Google,5,2021-10-30 04:02:54,pembayarannya langsung masuk. cepet banget.
Pengguna Google,1,2023-03-06 11:33:22,"Kurirnya banyak yg gabener,"
Pengguna Google,2,2023-01-08 01:18:15,Tokopedia lebih memilih toko yang tidak amanah daripada membantu pembeli
Pengguna Google,5,2021-03-25 07:17:38,Sangat membantu
Pengguna Google,4,2022-03-18 05:51:49,bagus
Pengguna Google,2,2023-11-14 04:34:20,"Tolong pihak tokped, itu JNE di revisi ulang. Selalu sial kalo dapet Gratis Ongkirnya JNE, udh paling mahal, paling lemot pengirimannya."
Pengguna Google,1,2022-09-28 17:31:14,"Aplikasi sampah ,batalkan pesanan lama enakakn di shope belanja"
Pengguna Google,1,2021-09-12 05:08:41,"Nggak user friendly anjir, mau pake voucher pengguna baru selalu dibilang manipulasi, ampe akhirnya uangnya dikembalikan di dana dan vouchernya nggak bisa dipake, padahal bener"" akun baru anjir, dah dua akun gitu terus. Pemberi harapan palsu anjir bilang aja kaga mau kasih voucher diskon"
Pengguna Google,5,2021-04-19 13:33:57,mantaf
Pengguna Google,5,2024-03-12 16:33:44,👍👍👍👍👍
Pengguna Google,5,2021-03-31 07:24:12,good
Pengguna Google,2,2022-03-19 08:19:27,sekarang ga bisa dapat promo lg dengan diputuskan secara sepihak. jd males pake aplikasi ini lg.
Pengguna Google,5,2022-10-15 15:19:35,Kalau bisa banyakin promo nya supaya castamer nya puas
Pengguna Google,5,2021-09-30 16:05:46,trimakasi
Xiaomi Redmi,5,2021-03-24 14:43:46,top
Pengguna Google,5,2022-05-09 11:43:47,mantap gratisan
Pengguna Google,5,2021-04-23 13:22:01,Good
Pengguna Google,5,2021-06-20 10:17:45,proses mudah
Pengguna Google,5,2021-07-17 02:54:09,Ok
Pengguna Google,5,2021-04-10 00:01:42,good..
Pengguna Google,5,2022-04-09 06:43:04,keren
Pengguna Google,5,2022-02-01 14:03:59,original produk mksh kak
Pengguna Google,5,2021-04-28 20:52:44,mantap aplikasi nya
Pengguna Google,5,2021-11-21 01:13:45,mantap promo gratis ongkir 10 rbu di perpanjang lagi
Pengguna Google,3,2023-10-03 11:54:02,"Bug suara udah di atasi cuman ada 1 lagi, tokped sekarang kayak lelet apk nya, banyak loading"
Pengguna Google,5,2021-04-05 02:37:08,Sangat membantu
Pengguna Google,1,2021-03-30 02:47:19,Tolol
Pengguna Google,5,2021-06-15 15:26:02,toko pediamantap
Pengguna Google,5,2021-08-13 12:24:08,Mantap👍
Pengguna Google,1,2022-05-02 14:30:28,"Nomor sudah diverifikasi, kenapa promo tidak muncul? Aneh"
Pengguna Google,1,2021-07-07 03:07:27,"Buat promo tetapi metode verifikasinya tidak bagus, yang salah jadinya customer, dan sekarang ribet pengembalian dana"
Pengguna Google,5,2021-09-03 00:06:15,Sangat membantu saya. Untuk belanja apa aja di tokopedia
Pengguna Google,1,2021-06-18 05:54:14,"entah kenapa unduh toped. ada vocer diskon 30k dipakai buat beli sendal 80k,, ehhh udah dibayar kenapa malah dapat notif transaksi dibatalkan karena melanggar ketentuan.. ketentuan apa ????"
Pengguna Google,1,2023-11-21 02:53:35,Masih bagusan market place lain
Pengguna Google,1,2022-03-23 08:55:20,"Pesanan saya selalu dibatalkan sepihak oleh sistem tokopedia, sudah tiga kali"
Pengguna Google,5,2023-05-31 04:22:30,reseler fast respon
Pengguna Google,5,2022-05-21 14:05:03,okk
Pengguna Google,5,2021-11-21 15:25:50,aku suka Tokopedia karna suka pelayanan nya .
Pengguna Google,5,2021-05-16 02:30:56,Bagus
Pengguna Google,5,2021-08-19 10:22:35,ok
Pengguna Google,5,2021-05-28 13:53:24,Toko pedianya bagus banget semuanya lengkap sekali mau belia ah
Pengguna Google,1,2023-03-14 07:17:40,ongkos kirim lewat driver gojek sangat kapitalis tidak menguntungkan kurir nya. saya order tokopedia pengiriman lewat gojek ongkos kirim 23rb tapi saya tanya driver gojek nya yg di dapat cuman 12 rb.. kasian driver gojek nya jauh2 nganter hasil nya di peras aplikator
Pengguna Google,5,2021-12-11 11:10:29,Super cepat
Pengguna Google,4,2021-10-14 18:32:59,Bagus
Pengguna Google,5,2021-05-07 13:43:11,Mana hadiah 52000nya
Pengguna Google,1,2024-06-23 03:29:00,"Pelayanan buruk pengiriman instan 3 jam dan samaday 8 dihapus karena butuh hari bukan besok hari, besok bulan (lebih cepat app sebelah) sekolah dikaki lima tidak negeri samaday dan nextday"
Pengguna Google,5,2022-04-15 09:34:34,Selalu ditraktir 15 ribu sama tokopedia
Pengguna Google,4,2021-11-25 13:12:45,Bagus
Pengguna Google,5,2021-05-16 03:08:44,mantap
Pengguna Google,1,2022-03-14 10:22:46,ga suka aj
Pengguna Google,1,2023-09-18 17:21:18,"Produk yang sama lebih mahal dari tetangga sebelah. Gratis ongkir syarat min belanja 50 K, masih kalah juga dengan toko sebelah. Sekarang gunakan toped, opsional ke 2. Balik lagi ke tetangga sebelah."
Pengguna Google,3,2023-09-30 09:47:36,Knp ya apk toped nya sering tidak bisa buat lacak pesanan kita..trus jg susah buat kirim ulasan..apalagi buat complain..
Pengguna Google,4,2021-09-16 07:34:11,ok banget.sangat membantu
Pengguna Google,5,2021-07-18 12:14:46,Bagus kali lah ini aplikasi
Pengguna Google,5,2021-12-10 06:23:16,Bagus Sekali buat pesan bArang dan Tercepat
Pengguna Google,1,2024-03-27 04:18:43,Susah bangett nihhh aplikasi apa lagi disuruh bikinin kode Verifikasi lagi!!! 🤬🤬😡😡
Pengguna Google,5,2022-03-07 11:58:33,Mantap x bosku 🔥
Pengguna Google,5,2023-07-29 00:58:21,Super sekali
Pengguna Google,5,2022-05-26 13:44:48,"bagus aplikasi,menguntungkan bg by pengguna"
Pengguna Google,5,2024-06-03 23:43:25,mantapppp
Pengguna Google,5,2021-04-13 08:23:46,guuud periiiguuuuddd
Pengguna Google,5,2021-11-24 07:50:40,mantap
Pengguna Google,2,2021-10-29 00:34:43,Sedih aplikasi tidak bisa dibuka jika aplikasi belum diperbarui
Pengguna Google,5,2022-11-09 08:23:19,hidup simple
Pengguna Google,4,2021-06-30 16:17:15,ok
Pengguna Google,5,2022-04-26 00:17:29,Is The Best seller 👍💯
Pengguna Google,5,2022-07-30 06:12:44,Yokopedia
Pengguna Google,5,2022-01-20 10:42:12,Mantap
Pengguna Google,5,2024-03-31 03:26:27,mantap
Pengguna Google,5,2021-09-19 12:51:38,sukses untuk Tokopedia
Pengguna Google,5,2023-07-30 12:48:50,Andalan belanja online
Pengguna Google,5,2021-12-24 00:34:46,semoga jadi toko onlinr yg terbaik
Pengguna Google,3,2022-12-31 09:05:13,"Sistem aplikasi tokped paling ringan jarang saya menemukan error, transaksi jg mudah namun jarang ngasih voucher gratis ongkir, sekalinya ngasih kadang error tidak bisa dipakai, tolong perbaiki kedepannya makasih"
Pengguna Google,5,2021-09-12 10:38:19,mantul dpt traktiran gratis onkir
Pengguna Google,5,2021-12-29 15:42:17,hampir semu kebutuhan tersedia di tokopedia :)
Pengguna Google,1,2021-08-31 10:30:16,aduh bagus
Pengguna Google,4,2021-09-23 08:28:18,Pakoe toplah tokopedia
Pengguna Google,5,2021-04-26 23:58:30,Mantap
Pengguna Google,1,2021-05-14 11:54:15,mantap dapet hampers peci sarung tasbih rp 0 total sama ongkir nya makasih tokopedia
Pengguna Google,5,2021-05-12 02:01:32,"jos,gratis Rp.0,-"
Pengguna Google,5,2023-10-24 14:40:58,"mau nyobain belanja, di tokopedia siapa tau bnyak promo nya"
Pengguna Google,1,2021-04-29 11:22:14,Saya maubeli handhpone tapi ragu ragu karna aku lihat ulasan nya seperti itu
Pengguna Google,5,2022-11-23 11:53:24,baik sekali
Pengguna Google,5,2021-09-05 06:00:51,Bagus
Pengguna Google,5,2022-01-01 03:13:59,mantullll
Pengguna Google,5,2021-09-18 16:28:24,sangat membantu dan bermanfaat
Pengguna Google,5,2021-09-11 03:12:03,mantap
Pengguna Google,1,2022-02-16 04:51:22,Weh bang tolong diskon besar dong harga mahal doang
Pengguna Google,5,2021-10-06 07:25:17,semoga beneran dateng
Pengguna Google,5,2021-11-13 11:26:54,maksih tokopedia joss mantap2 100%
Pengguna Google,5,2021-06-02 05:55:00,mantap mudah dan praktis
Pengguna Google,4,2021-05-18 12:12:10,Tokopedia memang slalu ada
Pengguna Google,5,2022-04-05 14:54:46,sangat bagus
Pengguna Google,5,2021-06-17 17:25:05,Saya mendapat pocer 1.000.000
Pengguna Google,5,2021-11-16 07:32:06,oke
Pengguna Google,4,2021-04-30 05:20:12,Kerja buruh
Pengguna Google,5,2021-05-28 04:13:18,tokopedia memang recommended
Pengguna Google,5,2021-04-01 12:00:08,Tokopedia membantu untuk promosi barang dan sudah membantu sya dalam pembelian pembelajaran untuk klas d prakerja
Pengguna Google,5,2021-11-25 13:01:28,Sangat baik
Pengguna Google,5,2021-05-27 14:36:08,Sangat membantu
Pengguna Google,5,2021-05-27 14:36:25,Siip welah santai aja gan 🙏👍
Pengguna Google,1,2023-07-17 16:52:01,"Voucher gratis ongkir tidak bisa dipakai bersama dengan voucher diskon, harus pilih 1, kenapa gabisa digabung kaya aplikasi sebelah? Terus biaya jasa aplikasi Rp.2000 ditambah biaya layanan Rp.1000 belum ditambah biaya wajib asuransi, banyak banget admin nya, checkout nya ribet, semoga masukan saya didengar, saya harap selanjutnya voucher gratis ongkir dan voucher diskon bisa dipakai bersamaan, dan biaya admin bisa dikurangi"
Pengguna Google,1,2021-07-26 13:12:19,"Install hanya karena katax dapat undian dri website, tapi manaa? Tidak tertarik belanja d'aplikasi ini....."
Pengguna Google,1,2022-06-27 15:54:55,"Gak ada alasan jelas, upload produk disangka penipuan dan pelanggaran, padahal banyak yang upload barang serupa."
Pengguna Google,5,2022-02-02 05:05:37,bagus sekali
Pengguna Google,1,2022-12-19 06:17:50,Tidk bisa instal
Pengguna Google,1,2024-02-03 10:32:41,"Mau kasih ulasan/komplen barang aja GK bisa, udah gitu disebut melanggar s&k..... Parah..... Ternyata lebih enak belanja di sebelah...."
Pengguna Google,1,2022-06-29 09:46:13,Mana barang saya kembalikan uang saya
Pengguna Google,5,2024-07-18 13:39:46,semua ada di si ijo
Pengguna Google,5,2021-05-21 09:40:42,Mencoba jdi reseler
Pengguna Google,5,2022-02-25 05:36:28,Mantap
Pengguna Google,5,2024-04-06 07:23:25,"beli emas via Tokopedia, ga ribet, mulai 5 rb"
Pengguna Google,5,2021-07-02 02:17:25,pelayanannya ditingkatkan kembali
Pengguna Google,5,2021-06-19 10:28:03,Aplikasi bagus
Pengguna Google,5,2022-05-13 05:47:11,Aku seneng sekali dengan apk ini💘pertama belanja beli apa²dapet Rp 0 makasih toko pedia❤️❤️
Pengguna Google,3,2023-11-18 07:50:54,baru pertama kali belanja ksh sgtu dlu.. klo bagus tr tmbah lagi..
Pengguna Google,5,2024-01-12 01:58:29,puas
Pengguna Google,2,2022-05-21 16:37:47,Update mentok 95% ga selesai2. Hmmmmm.....
Pengguna Google,5,2021-11-04 10:34:02,sangat baik
Pengguna Google,5,2021-12-07 22:15:17,saya suka toped krn barang kebanyakan barang realpict n harga cukup murah
Pengguna Google,5,2021-12-06 15:33:29,sangat membantu dlm menemukan barang yg yg diinginkan
Pengguna Google,4,2022-07-02 03:02:50,lebih mudah untuk bertransaksi
Pengguna Google,1,2022-10-09 11:53:21,Fitur video iklan otomatis cukup mengganggu. Apalagi kalo lagi putar musik.
Pengguna Google,5,2021-04-06 00:01:43,"Aplikasi keren, bs membantu untuk prapekerja"
Pengguna Google,1,2021-09-13 02:07:45,MAKSA UPDATE
Pengguna Google,1,2021-06-12 00:41:29,Bad app. Ga bisa login dong. Parah.
Pengguna Google,4,2021-05-01 15:55:17,tokopedia sangat mudah dalam memenuhi kebutuhan anda
Pengguna Google,5,2022-10-16 23:14:04,sangat membantu trimakasih
Pengguna Google,5,2024-05-04 09:41:54,proses nya cepat
Pengguna Google,1,2023-12-11 13:05:39,"Ribet ternyata belanja disini, baru co transaksi dibatalkan oleh sistem tanpa tau penyebabnya, padahal baru bikin akun & belum pernah belanja sama sekali, aneh ‼️"
Pengguna Google,5,2022-08-30 13:14:46,toko pedia memang pilihan kel.warga kecil sy apah bila belanja online dan bayar di tempat top marotop dah
Pengguna Google,5,2021-08-31 20:27:39,Good
Pengguna Google,5,2022-10-10 06:28:35,Bagus
Pengguna Google,5,2021-09-18 09:46:02,Cepet dong
Pengguna Google,5,2022-08-09 16:39:33,cepat tanggap
Pengguna Google,1,2023-11-27 00:34:51,Lamaa amat untuk melihat metode pembayaran juga tolong lah udate lagi yg benarr biar yg lainn puass belanjanya di toko ini🙏😡😡
Pengguna Google,5,2021-10-13 09:35:14,Mantap
Pengguna Google,5,2023-03-14 11:06:22,Mantap dahh
Pengguna Google,1,2022-12-20 16:09:06,"Pelayanan Tokopedia selaku penengah dalam mengambil keputusan antara penjual dan pembeli terbilang buruk. Ketika pembeli telah memberikan bukti dan mengajukan permohonan tokpedia hanya akan membalas laporan kita dengan tulisan template ""kita akan bantu memaksimalkan"" dan itu hanya kata2 manis saja tanpa adanya tindakan nyata. Bahkan penawaran di Tokopedia juga dalam kurun waktu ini tidak menarik. Saatnya bersihkan penyimpanan HP uninstall Tokopedia itu yg terlintas dipikiran saya."
Pengguna Google,5,2021-10-17 14:27:51,Aplikasi belanja ini sangat bagus saya suka
Pengguna Google,5,2023-04-01 23:32:37,sangat menarik
Pengguna Google,5,2021-11-22 03:40:07,𝙗𝙖𝙜𝙪𝙨 𝙗𝙖𝙣𝙜𝙚𝙩 𝙗𝙪𝙖𝙩 𝙩𝙤𝙥 𝙪𝙥 𝙚 𝙢𝙤𝙣𝙚𝙮
Pengguna Google,1,2022-09-29 00:04:20,sekarang ada biaya aplikasi..
Pengguna Google,1,2022-12-25 01:02:03,"Kembalikan toko pedia yang dulu,kalo mau dapet cash back ga boleh pake gopay coin"
Pengguna Google,5,2022-01-20 13:07:58,Siiiip....
Pengguna Google,5,2021-03-31 06:23:19,sangat membantu bagi saya
Pengguna Google,5,2021-08-28 15:28:25,mantap
Pengguna Google,5,2021-07-01 14:03:33,Aku belum tau cara smbil hadiah nyaaaa😁😁😁😁
Pengguna Google,5,2021-12-01 11:35:27,tokopedia emang paling di awal🥰🥰🥰🥰🥰😘😘😘😘😘🤩🤩🤩🤩🤩😍😍😍😍😍
Pengguna Google,5,2021-11-25 10:07:36,ok
Pengguna Google,5,2023-10-03 18:23:34,Ok
Pengguna Google,5,2021-10-31 02:28:18,like
Pengguna Google,5,2022-08-09 10:13:52,"Dari pada lazada yang pelit voucher,mending Tokopedia yang baik banget"
Pengguna Google,5,2021-04-16 20:32:09,Makasi
Pengguna Google,5,2023-04-03 13:13:03,dabesto
Pengguna Google,5,2021-11-26 04:10:25,keren
Pengguna Google,5,2022-02-21 03:33:18,Susah bener di update. Apa harus ganti lazada aja yaa
Pengguna Google,5,2022-09-11 00:20:13,mantap
Pengguna Google,5,2022-01-26 14:36:04,sangat baik poll
Pengguna Google,5,2022-09-27 18:49:57,mantap
Pengguna Google,5,2021-03-31 16:41:41,mantap betul semua ada semua bisa di tokopedia
Pengguna Google,1,2021-03-28 10:38:29,"Parah, tanpa alasan yg jelas pesanan di batalkan otomatis, mohon di perbaiki LG."
Pengguna Google,5,2021-04-01 06:44:11,bagus sekali
Pengguna Google,5,2021-03-24 23:26:37,sangat baik
Pengguna Google,5,2021-11-28 17:27:09,mantap
Pengguna Google,3,2022-02-12 07:41:30,"Kak kenapa pas aku pakai voucher pengguna baru... Udah di cek out pesanan dibatalkan otomatis , pesanan melanggar T&C maksudnya gimana ya?"
Pengguna Google,5,2022-04-13 11:44:35,top banget
Pengguna Google,5,2024-04-03 02:48:23,sangat membantu
Pengguna Google,5,2021-12-11 14:02:12,mantapp
Pengguna Google,5,2021-03-31 14:44:17,"Terima kasih tokopedia saya bisa membeli pelatihan prakerja dengan mudah, dan materi yang di beri mudah dipahami dan d mengerti. Semoga tokopedia sukses selalu"
Pengguna Google,5,2021-11-09 09:35:35,jos
Pengguna Google,5,2022-06-18 15:25:25,"oke banget pokoknyaa tokped, suka ada vc diskon jd bikin harga lebih murah, sicepatnya juga bisa COD dan ga banyak lemot kek apk sebelah wkw, cuma minusnya kurang banyak barang yg dijual di tokped (jarang hanya beberapa)"
Pengguna Google,1,2021-09-05 12:44:34,Note
Pengguna Google,5,2022-07-21 06:22:44,terimaksih banyak
Pengguna Google,5,2021-12-07 20:49:23,Cepat n puas pelayanannya
Pengguna Google,5,2021-05-25 06:42:04,baik bagusss
Pengguna Google,1,2021-11-16 12:57:16,apliksi lo muncul trus
Pengguna Google,2,2021-07-18 03:17:34,Sy dapat iPhone tapi sy bingung cara ngambil nya gmna
Pengguna Google,5,2021-12-18 02:19:02,Terima kasih tokopedia terkendala kami sudah teratasi... Mantap sukses selalu..
Pengguna Google,5,2021-12-12 11:08:09,Tokopedia siip... Banyak hadiahnya
Pengguna Google,1,2022-08-04 04:49:49,"Sangat"" kecewa,paket sudah dibayar lewat alfa tapi tiba"" dibatalkan berkali"" tanpa sebab oleh pihak tokped"
Pengguna Google,5,2021-03-24 22:24:16,mantap
Pengguna Google,5,2022-01-09 14:19:36,bsgus
Pengguna Google,5,2024-06-03 10:13:27,bagus...
Pengguna Google,5,2023-04-03 06:17:49,good job
Pengguna Google,5,2021-10-15 07:39:08,mantab
Pengguna Google,5,2021-04-11 12:56:31,bagus
Pengguna Google,2,2021-08-31 22:23:43,kemahalan
Pengguna Google,5,2021-09-06 09:25:29,Sangat membantu
Pengguna Google,3,2021-05-12 14:32:05,👍
Pengguna Google,5,2022-06-06 05:54:44,pelayan bagus chat respon dgn sigap terima kasih ka2
Pengguna Google,3,2021-07-10 03:25:17,Lumayan bikin terkejut
Pengguna Google,1,2021-10-04 10:46:40,Kok gakbisa pakai gopay pembayaranya
Pengguna Google,5,2021-08-23 00:51:12,mantapp
Pengguna Google,5,2024-03-25 08:46:51,Penanganan untuk komplain pelanggan cukup memuaskan
Pengguna Google,5,2022-04-26 12:48:23,👍
Pengguna Google,5,2021-12-01 16:35:59,good
Pengguna Google,1,2022-02-02 12:54:17,Lelet
Pengguna Google,5,2021-07-03 01:58:00,Tokopedia terbaik
Pengguna Google,5,2021-04-22 15:29:29,semangat
Pengguna Google,5,2021-12-09 12:39:52,good job
Pengguna Google,1,2023-10-25 04:56:05,"aplikasi yg merepotkan. mau update aja harus install ulang. sebaiknya ga usah sering2 update kalo tiap update bermasalah terus. UInya juga ga enak Dimata, ribet, lebih enak UInya yg dulu. urusan hapus barang dan wishlist juga makin ribet alias suka terhapus otomatis. potongan admin power merchantnya juga gede dan bikin manyun. mungkin emang udah saatnya say goodbye dg toko ijo alias pindah ke sebelah yg lebih ramah ke seller dan buyer"
Pengguna Google,4,2021-05-19 04:57:32,keren banget
Pengguna Google,5,2022-01-30 10:15:10,bagus banget aplikasi ini
Pengguna Google,5,2022-07-17 12:36:53,good
Pengguna Google,5,2022-02-21 19:43:21,Tokopedia the best dah pokoknya mah
Pengguna Google,5,2022-10-17 07:06:59,ok
Pengguna Google,3,2021-05-24 18:38:07,Saya suka saya berharap bisa
Pengguna Google,5,2021-09-25 14:06:30,mantap
Pengguna Google,5,2022-01-26 06:55:00,3 dulu.
Pengguna Google,1,2021-05-05 04:21:36,gak seru sih
Pengguna Google,5,2021-07-07 22:13:59,Terima barang nya gratis😍😍😍😍
Pengguna Google,5,2022-06-14 09:30:32,Selalu puas dengan tokopedia
Pengguna Google,1,2023-04-08 13:25:38,"Parah banget sekarang Tokped, Subsidi Ongkir DT Makin Kecil aja, kecewa dan sedih sih ga bisa kirim kirim barang ke kampung sekarang."
Pengguna Google,5,2021-04-07 16:19:42,"Mantap, luar biasa"
Pengguna Google,1,2021-12-13 15:50:13,"Jam 22:00 saya install jam 22:10 minta di update, gak ada cara lain aplikasi cari untung..?"
Pengguna Google,5,2021-11-05 04:37:41,Tokopedia bisa isi diamond ff loh
Pengguna Google,3,2022-02-16 01:08:42,. The k
Pengguna Google,5,2021-04-13 00:07:04,Jos Mantul #ntaps
Pengguna Google,5,2022-01-17 11:12:02,"TOKPED FAFORITTT BANGETT SEKARANGGG BENER' THE BEST,UDH GAMPANG,SIMPLE,BANYAK PROMO, SUKA SEKALIII"
Pengguna Google,5,2021-12-30 11:14:32,Bagus banget aplikasiya
Pengguna Google,5,2021-03-26 20:16:22,Terbaik
Pengguna Google,1,2021-07-20 23:46:26,"Saya Tidak suka menggunakan Tokopedia karena belanja saya beberapakali DIBATALKAN SEPIHAK oleh pihak Tokopedia dengan alasan saya ada indikasi curang. Padahal saya tidak pernah melakukan kecurangan apapun. Belanja TIDAK NYAMAN di Tokopedia, jadi saya pindah ke SHOPEE aja."
Pengguna Google,5,2023-01-14 22:23:17,Ok
Pengguna Google,5,2022-01-03 08:32:25,bagus untuk pengguna baru👍🏻👍🏻
Pengguna Google,4,2021-12-20 01:40:09,promonya dibanyakin biar makin banyak pelanggannya ya toped. bintang 4 dulu soalnya baru instal dan alhamdulillah dapat hadiah Rp. 0
Pengguna Google,5,2024-03-31 11:48:14,sipp..okee
Pengguna Google,1,2023-12-22 06:47:13,Ngeleg
Pengguna Google,5,2023-03-25 15:24:44,"Belanja terlengkap dan amanah tokonya,bagus tokopedia pertahan terus dan sukses selalu.."
Pengguna Google,5,2021-12-28 12:50:58,👍
Pengguna Google,5,2021-11-10 21:37:48,Mantul
Pengguna Google,5,2022-05-17 04:19:24,Bagus
Pengguna Google,1,2021-07-06 03:40:46,RIBET BGT ASLI..
Pengguna Google,5,2022-05-12 13:49:04,sangat baik
Pengguna Google,5,2022-01-15 07:57:26,Sangat bagus
Pengguna Google,1,2022-09-21 14:42:29,pengiriman Yang cepat tepat akurat
Pengguna Google,5,2023-04-07 03:32:39,dari kemaren nyari apk ol shop yang enak ini doang kali yang dapet
Pengguna Google,5,2021-12-09 00:00:24,Baik
Pengguna Google,5,2021-08-26 03:23:55,"Good, memudahkan belanja dimanapun dan kapanpun"
Pengguna Google,1,2021-04-22 04:27:12,Jelek kali saya pesan tapi gak di antar
Pengguna Google,5,2023-04-02 23:29:58,selalu puas belanja disini
Pengguna Google,5,2021-12-09 14:11:27,aaaa luv
Pengguna Google,1,2021-08-18 01:18:30,Nginstal nya kok lama Padahal sinyal gw kuat
Pengguna Google,5,2021-03-26 04:29:20,"Saya peserta kartu prakerja gelombang 15 beli melalui tokopedia,transaksi lancar terima kasih tokopedia,mudah2an sertifikat nya cepet keluar d dashboard ya...sukses buat tokopedia"
Pengguna Google,4,2021-05-16 06:32:55,Saya tidak terlalu percaya dgn hal seperti ini apa mungkin kita dapat voucer hadiah..yg benar aja..caranya bagaimana
Pengguna Google,5,2022-05-05 14:20:33,uwaw
Pengguna Google,5,2023-12-13 15:48:54,reponsip lagi
Pengguna Google,5,2024-03-17 12:11:30,nice
Pengguna Google,5,2021-04-28 21:55:23,oke
Pengguna Google,5,2021-08-04 04:57:00,Belanja di tokopedia memang OK😊
Pengguna Google,4,2021-12-04 03:36:33,jossss
Pengguna Google,5,2022-03-01 11:34:45,Mantapp slurrr
Pengguna Google,5,2023-03-21 05:59:20,Woi Tokopedia hapus aja tu ekspedisi anteraja nyusahin udah seminggu lebih barang masih stuck trus Nyusahin pembeli aja
Pengguna Google,1,2021-11-20 03:45:18,"Aplikasi gak jelas,,,, saya isi E-Money di Tokopedia malah gak bisa update saldo. Padahal saya sudah melakukan pembayaran dan nomor kartu sudah sesuai."
Pengguna Google,5,2021-05-31 14:57:07,👍👍👍👍
Pengguna Google,1,2023-09-01 06:58:37,Update HARUS MAKSA YA? GAK UPDATE GAK BISA PAKE. BENER BENER PRODUK INDONESIA 👎
Pengguna Google,5,2021-04-21 19:35:54,Mohon imf yg falit bos
Pengguna Google,5,2021-06-29 14:33:21,mudah di akses
Pengguna Google,4,2021-10-24 00:32:35,wait
Pengguna Google,5,2021-10-09 16:15:20,"Lumayan bagus lah,bisa nyari barang sama akun FreeFire"
Pengguna Google,4,2021-07-06 04:10:15,Siiif barang2 nya mantuul
Pengguna Google,5,2022-07-23 17:30:34,bagus
Pengguna Google,5,2021-04-10 02:56:00,Saya suka dengan aplikasi ini
Pengguna Google,1,2024-02-03 09:17:12,Hati2 klo beli di aplikasi ini untuk komplain barang hilang di pengiriman sangat lama sampai berminggu minggu gak ada kejelasan selesai sampai timbul tagihan paylater padahal jelas barang belum diterima pembeli dan dalam proses komplain. Gak ada solusinya cuma Robot yang jawab.
Pengguna Google,5,2021-12-10 05:47:48,top lah
Pengguna Google,5,2023-06-11 12:13:38,keren
Pengguna Google,5,2023-04-17 06:53:05,"suka,,,lumayan"
Pengguna Google,5,2022-05-06 07:26:45,good
Pengguna Google,5,2022-02-22 10:37:46,bisa satu payment dgn gojek
Pengguna Google,5,2022-03-07 00:21:53,"Toko pedia keren, brgnya bagus2"
Pengguna Google,5,2021-11-18 05:04:59,terima kasih
Pengguna Google,5,2022-05-17 04:59:48,"Hi tokopedia aplikasi termurah dan kurirnya pun ramah,juga pengirimannya pun cuma nyampe 3hari atau gak 4 hari doang jadi aplikasi tokopedia yang paling mantap deh pokoknya.... Sukses selalu tokopedia♡♡"
Pengguna Google,2,2021-05-08 03:59:15,Baru mau coba
Pengguna Google,5,2021-07-12 14:04:39,good
Pengguna Google,1,2022-09-04 05:07:42,mantap
Pengguna Google,1,2022-03-12 07:17:30,"Sudah di bayar dan saldo kepotong, tapi tidak di konfirmasi, hub cs suruh nunggu 1x24jam padahal sudah kasih bukti pembayaran yg di minta, hadeh parah parah, coba tau begini ga akan saya beli market ini, biasa saya beli di market sebelah ga ada masalah, eh coba beli di toko ini malah dapat masalah wkwk. Balik lagi ke market sebelah dah, mudahan aja saldo saya di balikin, saya liat ulasan sebelum nya ada yg ga di balikin saldo nya wkwkwk menyedihkan"
Pengguna Google,1,2021-08-25 13:38:01,"?????payahhh betullllll masa gak bisa klaim voucer kilat ,,"
Pengguna Google,3,2022-08-06 05:39:28,"Tokped banyak bngt kekurangan - Seler selalu slow respon, sekalinya respon jutek nya mnta ampun -Pengiriman lamaaa banget padahal same day -pengiriman instan pun lama psen pagi sampe sore -kurir banyak ngeluh gatau jalan, padahal udh jelas banget alamatnya. -minta bantuan ke pihak CS ga ada solusi -Kalo bisa nomor hp kurir di cantumkan biar bisa di hubungin"
Pengguna Google,5,2022-07-23 06:50:30,mantap kali Tokopedia..
Pengguna Google,5,2021-04-15 05:00:48,Best
Pengguna Google,5,2022-04-25 11:53:29,Pengiriman nya mantap gercep
Pengguna Google,1,2021-05-01 04:39:07,"Kenapa gk bisa d update, udah update dr hari selasa masih loading trs.. Mana ada pesenan gk bisa ngecek udah d kirim atau d batalkan soalnya udah seminggu gk nyampe2😭"
Pengguna Google,5,2023-04-17 05:57:22,ok baik
Pengguna Google,5,2021-06-01 01:19:39,Ok
Pengguna Google,1,2023-04-03 04:52:26,Tokopedia tidak fropsianal menyebalkan tidak melindungi konsumen. Sllu melindungi kurir yg ga bener
Pengguna Google,1,2021-05-26 03:23:33,Moga makin Amanah
Pengguna Google,5,2021-09-23 03:34:47,layanan sangat bagus dan cepat
Pengguna Google,5,2021-08-13 09:44:34,Bagus
Pengguna Google,5,2021-07-19 21:47:13,Terima kasih tokopesia
Pengguna Google,4,2021-06-27 14:21:16,Ni bener / gk ch 😃
Pengguna Google,5,2021-04-25 20:38:50,Harmen pyakumbuh. Sumbar. Eza salon limbanang. Kcmatan. Suliki.
Pengguna Google,5,2022-01-19 22:32:24,Mantap ayo belanja lewat Tokopedia.
Pengguna Google,1,2021-04-02 03:12:52,Toko pedia melakukan Berbagai macam cara supaya kita bisa download aplikasi ini.
Pengguna Google,5,2021-11-26 02:21:11,Mantap
Pengguna Google,4,2021-03-28 01:55:16,Mantap n ok !
Pengguna Google,5,2021-07-31 10:43:06,Bgus
Pengguna Google,5,2021-11-13 03:01:53,top
Pengguna Google,5,2021-10-02 00:12:25,toko pedia mantap
Pengguna Google,4,2023-12-14 04:11:48,"Karna pihak tokped gercep, aku ubah dari bintang 2 ke 4 karna sebelmnya ada masalah soal pengiriman makanan basah yg lama bgt trs langsung ada penanganan pihak tokped yg gercep dan bertanggung jwb, juga dari segi bayar tagihan kek pajak pbb sama listrik gak ruwet UInya..4 dulu ya"
Pengguna Google,4,2021-04-03 06:52:41,Sanat memudahkan belanja apa saja
Pengguna Google,1,2021-08-01 10:58:26,Kosaya download nya ga bisa ya padahal Kuta saya ful gimana nih ya
Pengguna Google,4,2023-10-07 10:16:56,"Bintang 4 setara lah buat apl lemot😂. Kadang ngelag, mungkin hape gw yang harus di uptade pake hape yang harganya 600juta.Wkwkwkwk..aplikasi buat orang kaya ini mah kek nya. Hape kentang mah bisa keluar usus🤣🤣"
Pengguna Google,5,2021-04-07 06:48:37,mantap
Pengguna Google,5,2022-02-24 18:33:45,ok
Pengguna Google,5,2021-07-15 04:34:04,tokopedia memang mantul kawan
Pengguna Google,5,2022-07-29 00:37:45,mantap
Pengguna Google,1,2024-04-15 13:46:02,Gak jual Vape
Pengguna Google,5,2021-09-30 12:39:11,ok
Pengguna Google,5,2021-11-02 14:55:22,nice
Pengguna Google,1,2022-05-19 09:19:38,Terlalu banyak iklan. Sangat mengganggu
Pengguna Google,5,2023-01-03 11:52:33,sangat cepat proses nya 👍
Pengguna Google,5,2022-04-02 00:29:16,simple
Pengguna Google,5,2021-04-30 15:15:47,👍top markotop
Pengguna Google,5,2021-09-11 02:57:58,Saya ingin berterimakasih kepada Tokopedia yg sudah menyediakan pelatihan yg sangat bagus dan dapat mudah dimengerti sangat menambah wawasan untuk kedepannya terimakasih
Pengguna Google,5,2024-06-14 13:13:52,"Sebagai penjual, Market place ini paling bagus di antara yang lain. Menu dan fitur mudah di pahami pusat resolusi juga fair namun masih banyak pembeli keberatan dengan ongkos kirim yang masih cukup tinggi di banding dengan yang lain. Padahal sudah gandeng Go-Jek. Tolong segera di perbaiki layanan gratis ongkir.."
Pengguna Google,5,2021-03-31 15:02:01,bagus sangat membantu prakerja
Pengguna Google,1,2021-10-20 01:53:40,JELEK BANGET.. TIDAK BISA MELAKUKAN PEMBELIAN KARENA KESAMAAN IDENTITAS.. TERUS HARUS NUNGGU REFUND PERSETUJUAN DARI BANK.. RIBETTT.. TERUS COBA PAKAI AKUN ORG LAIN SATU RUMAH TETAP AJA ENGGAK BISA..
Pengguna Google,5,2023-12-18 12:02:18,Mantaappp updatenya
Pengguna Google,1,2024-05-25 13:35:47,"Tolong dong tokped hapus aja kerjasama dengan expedisi id express untuk pengiriman bebas ongkirnya, mereka kerja gak becus.. masa pengiriman dalam kota lebih dari 2 Minggu tidak sampai... Kalau begini terus bisa2 banyak pelanggan yg kabur dari tokped"
Pengguna Google,5,2021-07-16 04:48:48,sukses selalu tokopedia
Pengguna Google,5,2023-10-10 10:12:07,tingkatkan segalanya biar customer puas
Pengguna Google,5,2022-01-07 11:10:16,"trmksh tokped,, bnyak gratis ongkir & diskonnya"
Pengguna Google,5,2021-09-12 01:02:39,oke lah
Pengguna Google,5,2021-06-18 17:33:38,Mantap lah untuk belanja online
Pengguna Google,5,2022-01-04 18:06:41,terima kasih Tokopedia
Pengguna Google,5,2021-06-27 12:45:59,Baguus
Pengguna Google,5,2021-05-24 16:08:08,SEMOGA TOKO PEDIA BERTAMBAH JAYA.. BERMANFAAT SANGAT TOKO PEDIA.. APLIKASINYA BAROKAH SANGAT.. TERIMA KASIH TOKO PEDIA
Pengguna Google,5,2021-10-07 03:53:22,oke bagus smga bisa berhasill
Pengguna Google,5,2021-08-09 13:17:22,Terima kasih
Pengguna Google,1,2022-05-26 09:34:04,"Sangat mengecewakan , biasanya penarikan dana cepet ini udah 2 hari malah di tahan terus ..."
Pengguna Google,5,2024-01-27 14:38:21,Banyak promo menarik dan voucher potongan harga
Pengguna Google,5,2023-08-14 04:34:24,good
Pengguna Google,1,2023-05-12 17:35:12,"Tokped ini tidak fair, mau komplain aja dipersulit,pembaruan halaman terus, mau minta pengembalian dana diribetin,mihak yang punya toko aja... Konsumen gak dipikirin, 🥲"
Pengguna Google,5,2021-11-15 12:13:45,ok
Pengguna Google,5,2022-05-18 15:24:11,good
Pengguna Google,5,2024-03-03 14:25:34,"terimakasih tokopedia, selalu laris dan menyediakan produk berkualitas"
Pengguna Google,2,2022-01-25 05:41:55,Ee x5÷sekering tģeS
Pengguna Google,5,2021-07-13 10:22:25,baru tahu ada gratisan.... teruskan
Pengguna Google,5,2021-07-21 11:57:27,Sangat membantu Terimakasih tokopedia
Pengguna Google,5,2022-04-22 13:36:08,sangat membantu . tdk pernah mengecewakan . terimakasih tokopedia . BRAVO .👍
Pengguna Google,5,2021-09-26 02:57:20,bagus
Pengguna Google,2,2021-04-12 10:19:09,Pelatihan saya yg sudah saya beli pada tgl 10 kok belum muncul
Pengguna Google,5,2022-01-21 15:56:15,luar bisa apl yg laen lewat ajah
Pengguna Google,5,2021-05-04 17:11:01,Mantap
Pengguna Google,5,2021-04-16 05:23:46,Mantap
Pengguna Google,5,2023-11-18 06:03:04,Sering dihbohongi saya orang mis kin gk punya apa2 saya lagi sakit gk bisa kerja makan diksih tertangga sebelah
Pengguna Google,1,2021-07-03 21:58:38,Aku dapet iphon 11 pro bang boleh gak
Pengguna Google,3,2024-03-07 13:22:54,Semenjak di perbarui ke yang baru sekarang ini jadi susah untuk transaksi.
Pengguna Google,5,2022-09-07 02:28:59,ntaps
Pengguna Google,5,2021-12-26 13:59:48,MANTAP
Pengguna Google,5,2021-04-16 04:28:48,Ok
Pengguna Google,5,2022-05-18 12:43:00,Luar biasa
Pengguna Google,5,2022-10-08 11:27:43,Banyak cashbacknya. 👍
Pengguna Google,2,2021-12-12 13:17:23,Gak bisa cod
Pengguna Google,5,2023-09-05 13:34:39,super
Pengguna Google,5,2021-12-06 15:31:04,sangat memuaskan 👍
Pengguna Google,5,2021-08-10 01:46:04,Bagus karena ada bts
Pengguna Google,5,2023-10-03 10:05:41,mantap
Pengguna Google,5,2021-12-09 12:14:37,kerennnn pengguna baru dapet gratisan.. 😍
Pengguna Google,1,2022-11-02 01:10:39,percuma bebas ongkir gak bisa d gabung promo!!
Pengguna Google,3,2021-09-06 00:03:38,Baru mncoba...
Pengguna Google,2,2023-08-12 02:19:59,"Mau bayar PBB untuk cluster bali, tapi gk bisa. Terpaksa bayar dan ngantri😌"
Pengguna Google,5,2021-03-24 18:47:42,Mantap. Terimakasih
Pengguna Google,5,2021-10-07 08:54:43,Okh deh aplikasinya
Pengguna Google,5,2021-08-14 17:30:43,jossss
Pengguna Google,5,2021-08-03 11:04:55,bintang lima nih bos
Pengguna Google,5,2021-09-02 03:04:10,toko pedia ok
Pengguna Google,5,2022-02-26 14:46:56,Bagus
Pengguna Google,5,2021-09-06 07:07:58,Mntapppooo
Pengguna Google,5,2021-04-01 13:59:47,Sangat membantu sekali
Pengguna Google,5,2021-04-02 09:12:17,mudah ga ribet
Pengguna Google,5,2021-04-02 15:57:42,good aplikasi
Pengguna Google,5,2021-10-25 17:43:32,mantap dapat produk gratis
Pengguna Google,5,2021-04-28 08:12:46,Bagus
Pengguna Google,4,2022-06-10 01:07:51,Suka sih pakeknya gak ribet. Cuma sayangnya gak bisa CO sekali banyak utk beberapa toko sekaligus pas gratis ongkir
Pengguna Google,5,2021-07-26 03:38:57,"Perlu pengembangan lagi, usahakan ke pasar luar negeri juga, jangan naif cuma ngincer pasar domestik, seharusnya CEOnya lebih berpikiran luas :)"
Pengguna Google,5,2021-04-23 12:55:26,Bagus banget aplikasi'x dalam belajar
Pengguna Google,5,2021-09-20 23:33:47,terima kasih mantap
Pengguna Google,5,2021-07-26 02:17:40,Bagus lah
Pengguna Google,5,2021-08-23 23:53:54,mantap
Pengguna Google,1,2021-08-15 06:38:45,susah dapat ongkir dipersulit
Pengguna Google,1,2022-09-12 01:21:02,Apk ini terlalu bagus
Pengguna Google,4,2021-08-31 10:47:41,Bagus
Pengguna Google,5,2021-07-01 17:51:33,Lazada terimakasih
Pengguna Google,5,2022-04-28 12:31:55,sangat memuaskan
Pengguna Google,5,2023-10-21 03:36:02,mantapppppp. sangat membantu
Pengguna Google,5,2022-08-19 14:02:02,Aplikasih OL shop teraman
Pengguna Google,5,2021-06-13 07:49:30,jos
Pengguna Google,5,2021-12-23 14:23:40,mantap abiz gaes
Pengguna Google,5,2021-08-27 11:07:22,"saya mohon kepada toko pedia agar sertifikat saya cepat dikirim ke kartu prakerja saya,supaya sy dpt menulis ulusan di dasboard prakerja.terimah kasih."
Pengguna Google,2,2021-05-08 20:43:56,Dulu ini aplikasi belanja paling aman dan gak ribet sekarang sudah gak kayak dulu.. Baru² ini saya belanja pembayaran melalui M banking uang sudah ke potong dan sukses tapi status transaksi masih menunggu pembayaran artinya uang saya kemana
Pengguna Google,5,2021-05-25 12:47:50,mantap
Pengguna Google,5,2021-04-01 03:48:47,Sangat membantu
Pengguna Google,4,2021-06-02 09:05:35,Bagus mau pesen psp sup
Pengguna Google,5,2021-06-09 01:04:34,Selalu beruntung
Pengguna Google,5,2021-03-30 09:42:02,Bermanfaat bagi semua
Pengguna Google,5,2022-08-17 13:08:14,good
Pengguna Google,5,2021-12-02 03:10:05,Banyk gratis ongkir wkwkw makasih tokopediaaaaa
Pengguna Google,5,2022-07-10 09:29:42,mantap sekali
Pengguna Google,5,2021-12-16 04:56:26,tokopedia top banget bnyak gratisan makasih tokopedia
Pengguna Google,5,2021-08-23 01:16:25,mantull free promonya
Pengguna Google,4,2021-03-28 20:15:39,"Saya jarang dapat keluhan di Tokopedia baik dari pelapak maupun Tokopedia, biaya pengiriman pun tidak memberatkan,terima kasih Tokopedia belanja apapun jadi sangat mudah( ini ulasan saya dulu ) , skrg saya agak kecewa dgn pedagang di Tokopedia. Misalnya lembaran spon yg saya beli tambalan, barang yg ditawarkan ternyata tidak ada barang, barang yg sudah dinyatakan ada lalu kita bayar tidak diproses, (tapi tetap iklan dagangannya ) tidak sesuai gbr & banyak pedagang preorder yg tanpa modal dll"
Pengguna Google,3,2021-08-16 11:45:49,di aplikasi laen dpt limit credit kalo di tokped ya begitu lah...
Pengguna Google,5,2021-09-08 01:32:12,Mantabbz....
Pengguna Google,5,2021-05-21 17:35:39,Bl pernah mau coba gunakan 📲
Pengguna Google,5,2021-05-05 15:50:27,puas
Pengguna Google,1,2024-07-20 16:02:18,"Tanpa mengurangi rasa bangga pada tokopedia, tolong hapus idexpres dari daftar kurir rekomendasi. Ini expedisi tidak profesional sama sekali. Malas kurir nya. Jumat- minggu tidak ada pengantaran. Kalah itu jam kerja pns"
Pengguna Google,4,2022-10-17 11:24:42,sangat mudah
Pengguna Google,5,2021-04-26 08:07:31,Terimakasi Tokopedia tokoh yg paling beramanah
Pengguna Google,5,2021-08-25 12:00:57,"Mantap tokopedia,baru bergabung nih,baru melakukan transaksi pertama membeli voucher pelatihan di kartu prakerja, semoga tokopedia cepat mengirimkan sertifikat nya ke staf kartu prakerja.."
Pengguna Google,5,2022-02-25 22:27:18,mantap
Pengguna Google,5,2021-05-13 07:30:08,"Gratis ongkirnya full gak pake boong,lebih nyaman belanja di sini"
Pengguna Google,5,2021-07-05 19:54:52,Lengkap
Pengguna Google,5,2023-04-11 06:43:41,Bagus dan sangat membantu
Pengguna Google,5,2021-05-18 13:24:50,Belanja paling mantap
Pengguna Google,5,2021-05-28 04:36:09,Mantap...
Pengguna Google,5,2021-06-16 15:07:22,"mantap jiwa, sukses toped👍🏼👍🏼"
Pengguna Google,5,2022-11-21 00:48:15,Ok
Pengguna Google,5,2022-08-02 14:02:36,alhamdulillah bisa belanja gratis. terima kasih
Pengguna Google,5,2021-06-26 06:25:45,Sangat bagus sekali
Pengguna Google,5,2021-05-25 23:43:58,The best
Pengguna Google,5,2023-01-30 17:49:02,good
Pengguna Google,5,2022-01-03 09:59:53,mantap
Pengguna Google,1,2022-05-11 02:28:27,lama respon cs nya.. ga ada kontak center.. kontak centernya di telpon berdering langsung di tutup.. agak kesel
Pengguna Google,3,2021-05-21 22:05:45,Out ngke weh
Pengguna Google,2,2021-07-28 05:45:59,"Saya pesen barang di tokopedia , barang pesanan saya hilang di bawa kurir ,sudah hampir 3 minggu uang saya blm di kembalikan dari tokopedia padahal udah mengajun klaim"
Pengguna Google,1,2021-08-10 02:41:46,ga jelas toko pedia nya tiba2 membatalkan pesanan
Pengguna Google,5,2022-03-10 05:49:06,bagus bermanfaat
Pengguna Google,5,2023-04-24 02:51:19,Ok
Pengguna Google,5,2021-04-29 14:51:52,LBH gampang pengiriman barang lewat Tokopedia bebas ongkir lagi
Pengguna Google,5,2021-11-07 03:29:39,Nice
Pengguna Google,1,2022-11-02 05:20:03,"Telah lahir s&k baru per tanggal 2 nov 22 ini, akan tetapi s&k yang sekarang telah membuat kami geram. Kembalikan ke s&k sebelumnya dan hapus yang baru. Kita sebagai warga wakanda tidak setuju dengan adanya yang baru."
Pengguna Google,5,2021-04-03 15:08:47,pertama dapet gratis ongkir gratis belanja juga 😍😍😍
Pengguna Google,5,2021-12-08 02:40:53,"😍😍😍😍semua terstruktur tertata dengan rapi setiap pembelian selalu dialayani dengan baik seakan"" kita pelanggan vip dan saat gagal pembelian otomatis saldo akan kembali ke saldo tokped kita secepatnya pernah nyoba apk yang di sebelah tapi jya gitu kurang memuaskan akhirnya pindah ke sini"
Pengguna Google,1,2023-08-23 11:42:48,"Sebagai pembeli malah jadi bimbang gara"" pihak ekspedisi yang lama ngirim.padahal beli di toko yang bagus.jadi males belanja disini.udah komplain tetap barang gak dikirim."
Pengguna Google,5,2023-08-27 21:42:15,bagus
Pengguna Google,3,2024-06-29 21:53:48,Tes dulu
Pengguna Google,5,2021-07-14 13:50:22,Good
Pengguna Google,1,2021-09-16 10:41:28,"Parah, order pakai voucher discon 20k di batalin begitu aja, dideteksi ada 2 akun identitas yg sama, padahal saya real hanya punya akun 1 saja tdk pernah akun 2 dgn identitas yg sama."
Pengguna Google,5,2022-03-29 00:40:04,aplikasi ini membantu saya untuk belanja online tanpa harus keluar rumah
Pengguna Google,1,2021-04-26 14:06:05,Aplikasi nya jelek
Pengguna Google,5,2022-03-14 08:55:18,bagusss
Pengguna Google,5,2021-05-28 03:33:05,good
Pengguna Google,5,2021-04-23 18:36:27,Top
Pengguna Google,5,2022-03-27 03:54:32,hebat
Pengguna Google,5,2022-02-19 03:35:36,bagus.kereèn
Pengguna Google,5,2022-06-28 02:54:30,aplikasinya agak susah tampilannya
Pengguna Google,5,2021-07-11 11:57:12,bagus
Pengguna Google,5,2021-07-10 12:15:53,proses mudah
Pengguna Google,5,2021-09-24 23:39:58,Bagus
Pengguna Google,5,2022-10-21 00:25:56,Untuk saat ini masih memuaskan. Terimakasih
Pengguna Google,5,2021-04-02 01:55:26,Bagus
Pengguna Google,5,2022-02-05 13:23:01,Mantap 👍👍👍👍👍
Pengguna Google,5,2021-08-15 19:44:38,pusat belanja rekomendasi untuk para karyawan
Pengguna Google,5,2021-04-01 18:00:27,Trima kasih Tokopedia sudah membantu pelatihan di program Prakerja. Tokopedia selalu ada selalu bisa.
Pengguna Google,5,2021-06-20 14:41:42,Saya sangat suka seoatu yg di tangkan hari ini masih sukses slalu
Pengguna Google,5,2022-03-09 10:57:25,Siip 👍
Pengguna Google,1,2021-12-12 12:39:35,Lebih baik toko orens
Pengguna Google,5,2021-08-18 15:13:49,oke
Pengguna Google,5,2021-08-08 15:35:32,mantap banyak diskonya hehe
Pengguna Google,5,2021-08-13 10:45:35,Jos
Pengguna Google,1,2024-06-04 18:21:54,"PENJUAL DENGAN RATING RENDAH TOLONG DI BLOKIR, ITU BERATI TIDAK RECOMENDED DAN PENJUAL YANG BANYAK MENJUAL PRODUK RUSAK TOLONG DI SUSPEN."
Pengguna Google,5,2022-12-09 05:15:59,mantap
Pengguna Google,4,2021-11-26 00:28:08,Ajib
Pengguna Google,5,2022-04-24 11:12:19,apinya baguss
Pengguna Google,5,2022-01-14 12:37:50,Mantap
Pengguna Google,5,2021-12-28 13:14:37,sangat membantu
Pengguna Google,5,2022-06-25 15:05:15,Oke gan
Pengguna Google,1,2022-11-28 10:49:28,Aplikasi murahan barang nya jelek.semua
Pengguna Google,5,2021-08-21 11:40:39,oke banget
Pengguna Google,5,2022-11-01 04:06:36,Bagus
Pengguna Google,5,2021-11-08 08:48:29,Mantap 🗿
Pengguna Google,5,2022-02-26 06:20:54,"Tokopedia memang paling ok,,,,"
Pengguna Google,5,2021-09-16 16:30:05,Hallo tokopedia?? Trimasih telah menjadi kus kusmyanto solusi untuk bisa membeli kelas pelatihan prakerja d tokopedia👌
Pengguna Google,1,2021-04-05 13:35:55,"Kenapa setiap saya transaksi pulsa menggunakan vocher selalu gagal, nggak kayak apk lain nya"
Pengguna Google,5,2021-06-29 06:11:13,Ok lah
Pengguna Google,5,2022-01-24 07:16:02,Setelah di baca dan belanja memang bagus layanan aplikasi toko pedia grtis ongkir coy
Pengguna Google,4,2021-07-01 08:10:25,sangat membantu
Pengguna Google,1,2022-11-07 10:53:19,Promo bebas ongkir dan cashback tidak bisa digabung
Pengguna Google,2,2021-08-07 19:28:50,aku pengguna baru liat tampilan tokopedia kok mumet ya.. krg simpel liatnya.. yaudah maap saya uninstal
Pengguna Google,5,2021-05-05 02:26:44,Ok
Pengguna Google,1,2022-11-02 04:15:45,"Selamat tinggal Tokopedia,,,, Kami sebagai pengguna merasa resah dan kecewa dengsn kebijakan ""ANEH"" per 2 Nov 2022"
Pengguna Google,5,2021-07-03 07:33:28,good
Pengguna Google,5,2021-04-26 16:52:18,Mantap
Pengguna Google,5,2022-09-14 17:26:18,👍
Pengguna Google,5,2021-05-26 17:23:12,Mantap
Pengguna Google,5,2021-09-01 13:59:01,Mantap
Pengguna Google,5,2021-09-05 04:18:22,mantap semoga jaya teruss
Pengguna Google,2,2021-08-26 22:58:03,Ga ada metode pembayaran Pake Dana🙂
Pengguna Google,5,2021-06-14 10:01:38,Terdepan
Pengguna Google,5,2021-08-15 08:49:46,Mantap
Pengguna Google,5,2024-02-10 14:20:16,the best shopping online
Pengguna Google,5,2021-12-21 01:38:57,bagus saya suka saya suka
Pengguna Google,1,2023-11-04 02:30:49,Aplikasi nya buruk kurirnya buruk apalg anterajaa udh lama pakai salah kirim lagi paket belum saya terima malah status sudah dterina komplen lama aplikasi buruk tidak ada no kurir buat dhub
Pengguna Google,5,2021-03-30 02:48:12,Ntap
Pengguna Google,5,2021-09-14 23:51:28,bagus banget tokopedia terima kasih
Pengguna Google,5,2021-08-19 12:50:09,LEBIH BAGUS DARI SHOPEEEEE TAPI TAMBAHKAN DISKON🗿
Pengguna Google,5,2021-07-14 05:55:25,mantappp
Pengguna Google,5,2021-11-24 10:57:37,trimakasih tokopedia
Pengguna Google,5,2022-04-25 05:25:24,perfec
Pengguna Google,5,2023-03-30 08:58:45,nice
Pengguna Google,5,2021-08-27 11:18:32,Tokopedia aplikasi bagus pengguna baru bnyak gratisnya🤗🤗
Pengguna Google,5,2024-06-09 00:40:25,"Sejauh ini aplikasi yg bisa cod ke daerah terpencil, cuma Tokped..Mantap"
Pengguna Google,5,2022-04-02 05:55:31,sangat bermanfaat
Pengguna Google,5,2022-04-25 13:09:10,bagus mantap dapet thr euy tapi mun bener mayar tebagus
Pengguna Google,4,2021-07-17 01:28:37,Dapat i phone endingnya download tokopedia ikuti aja pasti nnti ketahuan mau apa
Pengguna Google,4,2021-08-13 02:21:35,"Mantaaf, cara ambil hadiah gmn dong"
Pengguna Google,3,2021-05-10 01:31:45,Toko
Pengguna Google,5,2021-10-26 03:45:33,mantap
Pengguna Google,5,2021-09-25 13:56:04,ASSALAMUALAIKUM
Pengguna Google,5,2021-04-09 00:13:40,Mantaaap Tokopedia.
Pengguna Google,5,2022-03-29 18:37:10,Sudah lumayan lagi
Pengguna Google,5,2024-03-26 18:26:37,sangat membantu
Pengguna Google,5,2021-09-07 01:16:45,Mantap👍👍👍👍👍👍👍👍👍👍👍👍👍👍👍👍 bangettttt suka
Pengguna Google,5,2021-05-28 00:46:21,🐶
Pengguna Google,5,2024-04-18 13:17:25,nice
Pengguna Google,5,2021-06-01 17:39:52,terbaik bgt
Pengguna Google,5,2023-05-24 13:16:31,"Pokoknya bagus banget semua kebutuhan lengkap banget ada diskonnya menarik. nyampe barang nya juga nggak lama,terus membayaran nya aman.. pokoknya Tokopedia terthebest banget"
Pengguna Google,5,2022-03-12 12:29:12,Pokonamah Semangat Terus Buat Adminya
Pengguna Google,5,2021-04-16 06:49:49,"Pokoknya bagus, siiplah"
Pengguna Google,5,2022-07-15 07:10:06,makasih saya kasih bintang 5
Pengguna Google,4,2022-08-29 03:29:09,Belanja ukuran volume besar bayar ongkir nambah .pilihan kurir ojol juga terbatas. Kurang fleksibel utk masalah ongkir jika check out dalam 2 toko atau lebih
Pengguna Google,5,2023-08-20 18:18:39,"Banyak yg harus di benahi di toped sekarang, sudah ketingalan sangat jauh. Benahi pencarian barang, gunakan pencarian foto, produk serupa dan lain lain. Akun robot ndk jelas mohon di filter. Lama lama di tingal pelangan. Kalian jauh lebih tua dr shopee. Tetapi sekrang tertingal samgat jauh. Kapan mau berbenah 😓"
Pengguna Google,5,2021-08-17 12:08:36,"Bagussssssss,,"
Pengguna Google,5,2022-07-06 21:15:24,bagus
Pengguna Google,5,2022-07-28 08:55:11,Tolong beri lebih bnyak bonus donk
Pengguna Google,4,2021-04-15 08:19:59,Knpa tidak dapat kirim hadiax
Pengguna Google,1,2021-12-10 05:28:00,Kecewa bgt loch
Pengguna Google,5,2021-07-13 17:49:06,good
Pengguna Google,5,2021-09-14 08:33:49,toko pedia emang jozz deh. banyak promo pulaaa
Pengguna Google,5,2021-03-27 22:14:03,bagusssss!!!!!!!!!!!!!!!!!!!!!!
Pengguna Google,5,2021-10-05 13:26:52,ok
Pengguna Google,4,2021-05-12 16:50:00,Saya merasa puas dengan ini
Pengguna Google,5,2024-03-05 09:59:17,ok
Pengguna Google,3,2021-05-16 06:17:24,Nice
Pengguna Google,3,2023-12-15 15:35:57,Bagus
Pengguna Google,1,2022-02-15 20:58:51,Assiap
Pengguna Google,4,2021-06-05 01:31:06,Siiiip dan oke banget
Pengguna Google,5,2021-06-26 13:06:49,Ok
Pengguna Google,3,2022-04-23 04:02:06,Mm 77z7 Mau 6sss2w Zz 677 Ya 6z 66
Pengguna Google,2,2023-09-12 22:28:06,"Ini tokped knp dah keluar aplikasi sendiri baru jg mo scroll, lemot bgt lg g kyk kmrn² , perbaiki ath diem² bae gmn mo blanja"
Pengguna Google,1,2021-06-25 23:51:27,Jelek
Pengguna Google,5,2022-07-05 06:42:47,mantap tokped
Pengguna Google,4,2021-06-29 12:25:20,Coba dulu
Pengguna Google,2,2021-05-03 05:18:10,Baru juga install sejam udh disuruh update!😓
Pengguna Google,1,2024-03-29 06:47:07,Sistem bermasalah sampai gak bisa cekout keranjangnya
Pengguna Google,1,2021-06-12 10:39:43,"Sya baru pertama kali instal tokoped,, tpi anehnya kok nmr saya udh ada yg pakai ya..aku masukkn nmr tlp tpi udh terdafar ats nma toko yg sdh tdk aktif.. Kn lucu... Pdhl nmr sya baru pakai.. Meskipun toko nya ity udh gk aktif kn jdi ragu mau pakai aplikasi ini..gimana donk solusinya"
Pengguna Google,5,2023-07-17 10:13:16,toped memang beda. mantap
Pengguna Google,1,2023-10-10 13:32:59,Ngelag bat sih
Pengguna Google,5,2021-06-10 14:41:37,star
Pengguna Google,1,2021-07-28 08:47:44,Aplikasi gk guna
Pengguna Google,5,2021-11-08 13:05:29,sangat bagus
Pengguna Google,5,2021-06-28 12:38:00,bagus
Pengguna Google,1,2021-05-04 03:22:25,Kesel belanja di batalkan trus sudah menunggu 2 minggu... padahal pembayaran cash..!!!! sejauh apa tanggerang ke bogor? mohon tokopedia di seleksi lagi toko toko nya..
Pengguna Google,5,2022-10-14 09:56:21,Mantap
Pengguna Google,5,2021-04-04 17:15:58,very suitable for teenagers who like to shop happy shopping
Pengguna Google,1,2024-06-27 09:34:51,"Aplikasi belanja aneh setiap bayar via Indomaret pasti dana dikembalikan gak seperti aplikasi sebelah pasti selalu bisa,udah gitu mesen barang diantar oleh kurir sikurirnya malah ngereturn barang tanpa alasan yang jelas 💩"
Pengguna Google,5,2023-01-05 14:44:52,bagus
Pengguna Google,4,2021-12-10 08:09:02,Kalo pake tokped bisa sistem pembayaran cod ga yaaaaaa
Pengguna Google,1,2024-04-16 02:49:14,"Baru pertama kali sih kecewa belanja ditokped setelah 2 tahun lebih make market place ini lancar"" aja no kendala. Tapi kemaren mesen ada kendala paket tidak kunjung datang sdh 2 Minggu. Tapi pihak tokpedia care yg krg responsif yg terlalu lama untuk menyelesaikan masalah dan refurnd dana saya yg SDH saya bayarkan . Jawabannya selalu bilang sabar sampe kapan harus sabar menunggunya setahun kah,2 tahun kah? Harusnya pihak aplikasi bisa memberikan rasa kepuasan Nyaman,aman pada pengguna aplksi"
Pengguna Google,5,2021-04-06 01:41:07,Saya pake aplikasi ini karena saya ngeliat bang david ngerifyu barangnya bagus bagus
Pengguna Google,5,2021-10-04 12:22:08,Bagus. Sangat membantu
Pengguna Google,4,2023-01-13 12:16:35,lengkap & mudah belanjanya
Pengguna Google,5,2022-06-18 20:01:09,aplikasi memang top
Pengguna Google,1,2024-06-24 03:47:33,"Klo promo diskon ga bisa d pake ya hrsnya sebelum pembayaran d kasih tau jgn udh d bayar baru d batalkan sistem kan rugi biaya admin ga balik,, apalagi byr via transfer uang ga BS balik k rekening,, apa begitu ya Tokopedia sekarang cari uangnya dr pembatalan transaksi oleh sistem. Bersaing ko malah LBH jelek dr yg lain,,,,"
Pengguna Google,5,2022-04-08 06:31:27,Baru pertama pakai rekomend dari teman semoga mudah dipakai
Pengguna Google,5,2021-11-23 17:46:41,ok
Pengguna Google,5,2022-03-25 02:03:24,mantab puas mudah aman..
Pengguna Google,1,2021-08-17 09:06:00,Maaf saya belum pernah belanja du Toko pedia
Pengguna Google,5,2021-04-03 22:31:12,Aplikasinya sangat membantu Sekali
Pengguna Google,5,2021-06-26 17:10:19,Belanja dengan kekurangan uang waktu membayar ya malu lah
Pengguna Google,2,2021-12-17 14:24:38,Kenapa setiap pesan pasti dibatalin apa yg salah sih ? Jadi ilang voucher gratis ongkirku
Pengguna Google,1,2021-05-27 14:40:27,Udah seneng dapat promo 100% dr prakerja kok di batalin otomatis dr sistem kupon saya nya ilang
Pengguna Google,5,2021-05-09 07:36:08,Aplikasinya sangat membantu..makasih🙏👍
Pengguna Google,5,2021-05-31 02:59:44,👍
Pengguna Google,5,2021-11-19 18:44:00,Dapet barang Rp 0. makasih toko pedia 🥰🥰
Pengguna Google,5,2021-09-21 01:41:13,mantap pokona mah
Pengguna Google,5,2021-07-15 23:58:52,Sangat bagus dan tetap maju terus
Pengguna Google,5,2021-05-02 12:53:36,Belum pernah belanaj di toko pedia
Pengguna Google,5,2022-06-10 16:38:18,Terimakasih tokopedia🙏🙏
Pengguna Google,5,2023-02-12 16:56:21,pelayanan mantaaaf...
Pengguna Google,5,2021-04-03 06:12:28,mantap belanja gratis dr tokped
Pengguna Google,5,2021-06-06 16:51:38,Pelajar
Pengguna Google,5,2023-01-06 09:59:34,alhamdulilah
Pengguna Google,1,2021-05-02 10:07:44,Gjlsss bagusan shopeee
Pengguna Google,5,2021-03-26 12:20:22,Sangat bagus
Pengguna Google,5,2021-11-12 14:09:48,jos mantap
Pengguna Google,5,2022-08-04 12:09:08,Selalu mudah bertransaksi
Pengguna Google,5,2022-06-13 01:07:35,Mantap
Pengguna Google,5,2021-11-03 14:42:50,good
Pengguna Google,5,2021-04-09 07:18:14,Sangat membantu
Pengguna Google,5,2021-09-22 05:57:55,beneran dapet Rp 0 😁
Pengguna Google,5,2021-06-12 10:48:54,"Beberapa kali belanja selalu cepat respon, cepat kirim, cepat sampe, belum pernah kecewa"
Pengguna Google,5,2021-07-27 23:49:11,Hidup Makin Mudah dimasa PPKM bersama TOKOPEDIA
Pengguna Google,5,2021-06-23 08:51:45,Mantap
Pengguna Google,5,2021-04-01 04:21:04,bagus sekali alhamdulilah dapet gratisan terimakasih Tokopedia love
Pengguna Google,5,2021-03-31 15:37:03,sangat bagus
Pengguna Google,5,2021-08-31 09:44:11,KARYA ANAK BANGSA.. DITUNGGU SAHAMNYA 🥰
Pengguna Google,3,2024-01-09 10:49:10,"Kurang lebih 4 hari baru sampe 🥺 , tolong ditingkatkan , terimakasih"
Pengguna Google,1,2024-02-15 09:13:47,Kecewa sama pelayanan komplainan pesanan saya. Komplain dari tanggal 5 februari 2024 sampe hari ini belum ada solusi apapun. Sampe bosen nunggu solusi nya.
Pengguna Google,5,2022-05-18 11:42:04,👍
Pengguna Google,3,2022-01-04 14:30:06,"Kalau bisa tambahin fitur bukti bahwa pesanan telah diterima. Jadi saat paket sampai di rumah kita tapi kitanya tidak ada, bisa aja paketnya dititin ke tetangga. Nah klo ada bukti penerimaan paketnya kan kita bisa tau siapa yang nerima. Takutnya ada aja orang yang iseng."
Pengguna Google,5,2022-11-10 07:51:51,Sangat membantu
Pengguna Google,4,2021-12-14 17:28:28,oke
Pengguna Google,5,2021-05-05 11:19:39,"menambah pnglman,,top keren"
Pengguna Google,5,2021-04-22 20:32:25,✍️✍️✍️✍️
Pengguna Google,5,2021-09-17 04:25:08,Terima kasih aplikasi ini sangat membantu
Pengguna Google,5,2022-09-18 02:28:27,toped nantap
Pengguna Google,5,2022-08-02 00:36:29,Sangat membantu baik sebagai penjual maupun pembeli..
Pengguna Google,5,2021-05-27 17:10:58,Tokped bisa codkah?
Pengguna Google,5,2021-04-25 04:19:08,Senengbanget
Pengguna Google,5,2022-04-29 12:56:04,Oke
Pengguna Google,5,2024-01-29 04:19:00,Mantap sihh ga ada keluhan apapun Even buat dapet vocer nya juga ada itu yang paling penting siapa sih yang ga mau geratisan😆🤭😂
Pengguna Google,5,2022-04-22 13:23:03,bagus👍
Pengguna Google,5,2021-06-29 07:43:04,Ok
Pengguna Google,1,2021-05-25 11:15:23,Saya kecewa banget karna sudah dua kali pemesanan selalu di batalkan pertanggungjawaban dari Tokopedia gimana yaa!
Pengguna Google,5,2022-07-04 13:47:16,Mantappp
Pengguna Google,5,2021-04-16 03:55:49,pakai ovo jadi mudah
Pengguna Google,1,2021-09-17 01:54:35,Mohon maaf tokopedia saya dapat gratis ongkir kok gak bisa di gunakan dasar tokopedia
Pengguna Google,5,2021-12-02 08:38:14,Semoga Tokopedia selalu memberi pelayanan terbaik 🙏🏻🙏🏻
Pengguna Google,5,2024-01-20 05:57:22,Semoga selalu aman & lancar bertransaksi di Tokopedia/GoPay yaa...keep up the good work! 💪
Pengguna Google,5,2024-07-03 09:32:19,Toped salah satu toko online yang rekomended selain harga bersahabat banyak juga bonus dan bebas ongkirnya..mantappppp
Pengguna Google,5,2021-03-30 03:01:47,Tank you
Pengguna Google,5,2021-12-16 10:24:44,TERBAIK
Pengguna Google,5,2022-06-12 15:42:34,Good
Pengguna Google,5,2021-03-27 03:44:24,Bagus dan cepat
Pengguna Google,1,2022-05-25 17:15:08,"Ga guna sumpah, udah belanja dan bayar malah cashback nya di balikin ge semua wkwkw udah komplain ke aplikasi nya katanya saya melanggar ketentuan mereka, padahal baru pesan barang sekali doang di sini dan bukan saya yang tidak bisa menggunakan aplikasi, dan 1 kali transaksi pulsa 50k malah gagal, malah uangnya di kembalikan dengan nomonal yang kurang, jawabannya melanggar tapi juga gak jelas melanggar apaan. Ini aplikasi atau peraturan pemerintah. Aplikasi gak gunaa"
Pengguna Google,5,2021-12-06 08:41:31,Semoga saya beruntung 🤲🤲🤲
Pengguna Google,5,2021-09-23 03:08:13,"Sangat membantu sekali, terimakasih tokopedia, tingkat kan terus"
Pengguna Google,5,2021-10-31 06:04:52,bagus ngt
Pengguna Google,5,2022-05-31 14:38:39,"bagus sekali, puas"
Pengguna Google,5,2021-12-14 21:37:27,sangat berguna
Pengguna Google,5,2023-08-01 04:37:42,semoga sehat
Pengguna Google,1,2024-01-28 04:51:48,Pihak ekspedisinya lambat semua
Pengguna Google,5,2021-04-11 20:12:33,Bagaimana cara mendapatkan voucher
Pengguna Google,5,2022-04-22 07:36:40,tokopedia memang paling top
Pengguna Google,1,2022-03-22 00:30:33,"Sikit dikit suruh update, maksa banget lagih, gak kyk app sebelah"
Pengguna Google,5,2022-04-13 04:13:39,dapet barang gratis👍🫶
Pengguna Google,5,2021-09-16 03:12:04,mantap
Pengguna Google,5,2021-09-01 16:08:00,lumayan
Pengguna Google,1,2021-06-04 08:00:05,jangan beli di sini pelayanan buruk.
Pengguna Google,4,2021-06-13 04:41:25,ok
Pengguna Google,5,2022-11-27 17:30:38,Ok
Pengguna Google,1,2021-05-23 09:26:20,"aplikasi payah, mau pesen pas mau bayar g bisa, .... ada apa y dengan tokped ... semenjak kerjasama dengan gojek ,jd jelek banget."
Pengguna Google,5,2022-05-09 23:39:54,nice promo
Pengguna Google,1,2023-04-19 21:35:15,"Sebaiknya tokopedia selektif memilih jasa exprdisi, pesanan saya udah tinggal selangkah lagi malah diretur oleh kurir dg alasan tidak jelas, dan hapait 1bulan tak ada uang pengembalian. Barang yg saya pesan sangat dibutuhkan. Itu sangat mengganggu perusahaan saya."
Pengguna Google,5,2022-01-18 23:11:28,"Cukup menyenangkan blanja di toped . Aplikasi oke, walau kadang ada penjualnya yg gak oke ..."
Pengguna Google,5,2021-10-09 07:41:02,Dih
Pengguna Google,5,2021-07-09 05:07:59,bagus bangetttt
Pengguna Google,5,2021-05-19 09:03:46,mantab banyak gratis ongkir
Pengguna Google,2,2021-10-13 07:37:08,Ongkir tetap mahal
Pengguna Google,5,2021-04-26 23:41:18,"Semoga makin ++, makin banyak cashback ,gratis ongkir, biaya adminnya gak nambah terus.. ga ke e commerece sebela uda bnyak pengguna makin dikit cashback sama mahal biaya adminnya.."
Pengguna Google,1,2021-04-15 22:29:55,"Di iming,, hadiah biar donlot aplikasi ini penipuan"
Pengguna Google,5,2021-09-21 05:25:21,Untuk pembelian pelatihan prakerja tokopedia memang paling TOP
Pengguna Google,5,2021-08-26 05:48:14,sangat mudah
Pengguna Google,1,2024-04-02 08:26:30,Tolong segera kirim paket saya sudah 1minggu lebih tidak di kirim
Pengguna Google,5,2021-03-26 22:55:39,Salam sukses Tokopedia..saya peserta prakerja aplikasi ini sangat membantu
Pengguna Google,5,2022-04-07 02:49:42,maa syaa Allah... sukses trus buat toko pedia...
Pengguna Google,5,2021-06-27 16:42:49,bagus
Pengguna Google,5,2021-05-08 06:53:02,Udh
Pengguna Google,1,2023-11-25 09:32:40,"Udah barang bukan ori. Nyedot saldo juga,saldo saya balikin 1 juta kurang"
Pengguna Google,3,2021-04-03 02:40:25,Blm coba apknya
Pengguna Google,5,2021-04-20 16:16:13,Mengikuti class prakerja di aplikasi ini
Pengguna Google,5,2021-09-22 22:47:13,Tolong bantuannya biar bisa dapat topads gratis kk😄
Pengguna Google,5,2022-08-25 04:08:29,ok bangt
Pengguna Google,1,2022-08-11 09:40:59,Saya kasih bintang satu soalyh toko pedia penanganan lama terus pengiriman lama voucher yang di kasih pun gak jelas terus barang mahal lagi ngk kaya shope atau lazada yang cepat klw di tokopedia lama yah minta ampu
Pengguna Google,5,2021-09-17 23:51:25,Kereeeeeennnn
Pengguna Google,5,2022-04-25 23:35:41,Toped ok
Pengguna Google,5,2021-10-08 15:43:42,"toko pedia mantap, tapi di perbarui lagi ya semua toko otomatis bisa bayar di tempat"
Pengguna Google,5,2021-09-30 14:30:51,cakep
Pengguna Google,5,2021-05-03 03:30:12,Sempurna
Pengguna Google,5,2022-01-18 13:17:37,keren
Pengguna Google,5,2021-09-11 19:07:14,terbaik
Pengguna Google,4,2021-08-14 23:00:39,👍👍👍👍
Pengguna Google,5,2021-07-17 13:04:24,Bisa belanja onlien tanpa keluar rumah
Pengguna Google,1,2023-12-07 08:45:40,"Penarikan dana aja lama, peakanya gak niat jual pesan aja gak dibales. aplikasi sebelah cepet, aplikasi gak jelas. Tutup aja min."
Pengguna Google,5,2022-11-21 03:10:55,👍
Pengguna Google,5,2021-12-24 17:46:37,beli pulsa 10k cuma bayar 1 perak🙂🙂 SPEECHLESS TERIMAKASIH TOKOPEDIAAAAA LOVEYOUUU SO MUCHHH OMGGG
Pengguna Google,5,2021-04-12 21:30:03,"user baru dapat traktiran dari tokopedia, terimakasih :)"
Pengguna Google,5,2021-04-14 08:23:33,Adanya tokopedia sangat membantu dalam belanja....tingkatkan terus tokopedia khususnya keamanan dalam berbelanja...
Pengguna Google,5,2021-07-30 08:57:49,Bagus
Pengguna Google,5,2021-09-05 02:37:29,mantaap
Pengguna Google,4,2021-05-20 16:49:02,Bagus aplikasinya mempermudahkan
Pengguna Google,5,2021-04-08 02:24:55,terimakasih
Pengguna Google,3,2022-06-10 04:48:29,aplikasi sering lag dan selalu kembali ke halaman utama. tolong diperbaiki!
Pengguna Google,1,2021-12-17 01:56:56,penipu
Pengguna Google,5,2022-05-15 01:48:19,ok juga
Pengguna Google,5,2021-10-31 15:25:05,Good
Pengguna Google,5,2021-08-13 22:29:00,good job
Pengguna Google,4,2021-09-08 11:13:55,kereeennn
Pengguna Google,5,2021-08-15 16:11:55,Puas bgt blnjax
Pengguna Google,4,2022-05-27 07:32:57,mantep beuudd
Pengguna Google,5,2022-03-09 17:19:36,sangat suka tokopedia aplg kalo bayar indomaret utk isi gopaynya digratisin aja kaya shopèe tanpa biaya admin
Pengguna Google,5,2021-05-26 08:59:03,Mantap
Pengguna Google,5,2022-04-18 13:33:22,mantap sih harus download lagi ada diskon Ramadan👍
Pengguna Google,5,2022-06-26 17:34:26,belanja paling murah se indonesia
Pengguna Google,5,2021-11-18 06:46:30,seneng bgtt mantap
Pengguna Google,5,2022-07-12 10:54:52,Good job
Pengguna Google,5,2021-09-28 04:44:59,baru mau nyoba order
Pengguna Google,1,2024-06-18 09:42:57,Abis dapat kupon 50.000 cekout langsung di batalin tokopedia 🤔
Pengguna Google,1,2021-11-19 20:26:18,Marketplace irit cacat banyak aturan pake promo ribet gaboleh pake metode pembayaran yang sama (rekening yang sama) di akun lain. Mending pakai marketplace sebelah ya teman teman 👌
Pengguna Google,5,2021-04-13 22:51:45,"Terimakasih tokopedia, saya sangat puas dan terbantu untuk pembelian pelatihan Prakerja di Tokopedia"
Pengguna Google,5,2021-03-25 07:37:57,"Bagus dan bermanfaat ,saya bisa belajar untuk membuka usaha"
Pengguna Google,1,2022-03-30 11:56:29,jika terjadi kendala . Harus menunggu s/d 3 x 24 Jam
Pengguna Google,5,2021-05-27 06:03:06,Tesa
Pengguna Google,5,2021-07-26 17:45:02,Ok
Pengguna Google,5,2021-06-26 11:08:34,Oke
Pengguna Google,2,2024-07-15 13:41:28,"Review produk kenapa jadi keseluruhan review di tokonya, makin aneh aja nih toped"
Pengguna Google,5,2022-01-16 08:20:52,gk pernah kecewa tokped
Pengguna Google,5,2021-08-31 03:12:57,ok
Pengguna Google,5,2021-12-11 18:18:01,nuhun
Pengguna Google,5,2021-12-08 04:24:06,mantul
Pengguna Google,5,2023-03-20 04:59:24,mantab
Pengguna Google,5,2022-02-23 10:27:46,Opsional
Pengguna Google,3,2021-04-03 02:58:05,Beri rangking 3
Pengguna Google,5,2021-06-25 11:28:18,Mantap
Pengguna Google,5,2021-10-11 17:34:42,sangat puas
Pengguna Google,1,2021-12-01 00:44:27,"Belanja Online Penipuan Download Ini Akan Nyesel, Fitur Pembatalan Pesanan Tidak Ada, Mending Shopie, kalo ini kaya orang bego 😠😠😠😠😠😠😠😠😠😠😠😠😠😠😠😠😠😠😠😠😠😠😠😠😠😠😠😠😠😠😠😠😠😠😠😠😠😠😠😠😠😠😠😠😠😠😠😠😠😠😠😠😠😠😠😠😠😠😠😠😠😠😠😠😠😠😠😠😠😠😠😠😠😠😠😠😠😠😠😠😠😠😠😠😠😠😠😠😠😠😠😠😠😠😠😠😠😠😠😠😠😠😠😠😠😠😠😠😠😠😠😠😠😠😠😠😠😠😠😠😠😠😠😠😠😠😠😠😠😠😠😠😠😠😠😠😠😠😠😠😠😠😠😠😠😠😠😠😠😠😠😠😠😠😠😠😠😠😠😠😠😠😠😠😠😠😠😠😠😠😠😠😠😠😠😠"
Pengguna Google,5,2021-04-08 03:36:58,Bagus saya sangat suka berbelanja di Tokopedia ini
Pengguna Google,5,2021-06-01 03:23:08,"Bagus bangettt, sekali pencet beli besok nya udah sampee👍👍"
Pengguna Google,1,2021-10-29 13:57:11,Tiap bulan minta update... Bosan sekali.. Maksain...
Pengguna Google,5,2022-01-22 01:42:03,mantap
Pengguna Google,5,2021-10-23 04:36:38,mantaapppp
Pengguna Google,1,2021-11-26 00:57:23,"Perasaan udah ku kasih bintang 1 , kok ke hapus.. Alasannya? Karena setiap buka web, sering muncul iklan Tokopedia dan tiba-tiba nongol, terus susah di hilangin.. Bukan cuma 1 web, tapi banyak dan sering muncul, juga di tambah sekarang malah iklan di Komik pakai banyak video dan beda-beda lagi, bikin Lag hp dan mengganggu.."
Pengguna Google,5,2022-06-15 07:57:55,Bagus
Pengguna Google,5,2022-02-16 00:06:46,tokopedia mantap
Pengguna Google,5,2021-04-06 00:15:00,mantapzz
Pengguna Google,5,2021-10-26 19:04:16,sangat baik
Pengguna Google,5,2021-07-08 17:20:23,"Sampai saat ini masih bagus, Tambah lagi promo nya ya kak😇"
Pengguna Google,3,2022-08-13 07:33:35,Anjayyyyyyyyyyyyy
Pengguna Google,5,2022-11-23 00:23:59,tokped amanah
Pengguna Google,5,2021-04-17 04:45:46,tokopedia mantappppp
Pengguna Google,5,2021-05-29 17:53:56,Okee aja deh
Pengguna Google,5,2021-04-16 04:09:54,Mantap
Pengguna Google,5,2023-05-22 16:24:17,mantap
Pengguna Google,1,2022-11-02 06:57:20,kembalikan voc applo voc bebas ongkir gabung voc diskon & cb
Pengguna Google,4,2021-09-17 09:04:56,keren....
Pengguna Google,5,2021-06-17 08:51:28,online shop terpercaya ya tokopedia 😊😊
Pengguna Google,5,2021-08-13 13:02:56,Tokopedia memang ok dah selalu bisa di percaya
Pengguna Google,5,2021-04-12 09:06:55,top
Pengguna Google,1,2023-09-25 01:37:05,Mau tanya kenapa habis bayar gak bisa dibatalin krn penjual tidak setuju. Padahal baru 1 jam.mau ubah rincian barang gak bisa.
Pengguna Google,3,2021-11-29 12:36:45,oke baguss
Pengguna Google,5,2021-10-23 09:39:21,Top
Pengguna Google,5,2021-08-30 07:45:31,"Suhada Banna, suka sama toko Pedia, banyak ongkir gratisnya 😂 kiriman aman dan barang cepat sampai dengan selamat"
Pengguna Google,4,2022-04-02 03:56:21,Saat ini oke ya...tp masih nunggu aktualisasi pengirim barang yang dipesan ke tempat.
Pengguna Google,5,2021-09-01 11:42:25,Sanagat bermanfaat
Pengguna Google,5,2021-06-30 05:51:33,good
Pengguna Google,5,2024-04-11 23:22:14,mantap
Pengguna Google,1,2022-08-09 11:00:43,"Blm ada solusi? Aku login mentok di tulisan ceklis besar, pas di tekan kembali malah login ulang"
Pengguna Google,5,2022-02-26 01:05:23,pelayanan yang bagus untuk pelanggan
Pengguna Google,4,2021-09-13 06:42:37,semoga diperbanyak bagi-bagi voucher&promo menariknya.
Pengguna Google,1,2024-03-12 01:33:55,Sudah 4 bulan uang saya tertahan du tokopedia karena barang tidak sampai katanya kesalahan kurir. Disuruh nunggu terus dan sabar. Sangat merugikan konsumen
Pengguna Google,5,2021-09-29 14:23:16,luar biasa sangat berguna
Pengguna Google,2,2022-03-24 09:07:24,Paket saya kok udah hampir 5 hari belum datang dari sekarang.gmna tanggapannya min:((
Pengguna Google,4,2022-01-29 06:45:16,Jos
Pengguna Google,5,2022-05-19 20:32:31,Mudah dalam mencari barang hobi seperti cd cd musik
Pengguna Google,1,2022-04-05 06:09:47,Terlalu kaku. Masak tdk peringatan tiba2 suruh hapus produk. Bukan disuruh ganti malah disuruh hapus. Kita sh iklan habis jutaan ditokopedia. Masak suruh hps iklan produk. Kembali nol. Bintang 1 cukup. Klu ada 0 malah lebih baik. Saya liat tambah lama tambah buruk perlakuan ke penjual. Id pelaporan 36486986
Pengguna Google,5,2021-06-11 04:08:20,Apk nya sangatt bagus
Pengguna Google,2,2021-05-11 07:59:37,Good
Pengguna Google,5,2022-04-06 05:30:58,sangat bermanfaat dan sangat baik
Pengguna Google,1,2023-03-05 13:35:39,Komplain selalu dijawab sama bot dan gk ada solusi. Pilihan kurir semakin sedikit.
Pengguna Google,1,2021-08-25 11:09:45,Maaf sy kasih bintang kaya gini akun sy memang da d hp lain tapi nmr ter sebut da d hp ini.klo masalah akun bini sy udah selesai sy akan balikin lg bintangny makasi
Pengguna Google,5,2021-08-19 15:45:53,😘😘😘😘😘
Pengguna Google,5,2021-11-29 06:53:38,Aplikasinya keren mampus
Pengguna Google,5,2021-10-27 15:46:49,mantap
Pengguna Google,4,2021-12-17 04:12:04,top pokoknya bnyk gratisnya
Pengguna Google,5,2021-09-10 05:43:08,Terima kasih Tokopedia sangat membantu untuk melakukan pembelian pelatihan prakerja
Pengguna Google,5,2021-05-25 07:46:02,jempol
Pengguna Google,5,2021-03-25 08:55:35,Terima kasih Telah memberikan kontribusi yang sangat baik untuk pembelian pelatihan prakerja
Pengguna Google,1,2021-10-26 08:21:01,🖕
Pengguna Google,5,2021-09-30 06:56:04,bermanfaat banget
Pengguna Google,5,2021-04-21 04:18:01,Mantap
Pengguna Google,5,2021-10-25 02:06:05,Y belum pernah belanja sh.... Jdi y blm bsa komen
Pengguna Google,1,2023-02-23 06:59:07,Belum saya coba dahulu seperti apa Tokopedia ada keuntungan nya untuk saya sebagai agen
Pengguna Google,2,2023-10-25 00:03:55,Hapus saja fitur kurir rekomendasi Tokopedia
Pengguna Google,5,2021-09-18 15:52:23,Terimakasih sangat membantu
Pengguna Google,5,2021-08-24 16:06:52,toped bagus dan mudah berbelanja
Pengguna Google,5,2022-04-02 06:09:29,Apk is the best
Pengguna Google,5,2021-07-26 13:26:29,Pelanggan
Pengguna Google,5,2022-12-17 14:37:36,blom di coba😅
Pengguna Google,5,2021-06-16 11:39:57,Terbaik
Pengguna Google,5,2021-12-06 13:09:46,mantao
Pengguna Google,1,2021-09-06 04:45:45,Gbyar hadiah
Pengguna Google,5,2021-04-14 02:01:35,Membantu
Pengguna Google,5,2021-04-14 16:59:32,Mantaaaap
Pengguna Google,5,2021-06-03 08:28:22,mntsppp bngettt
Pengguna Google,5,2023-10-18 09:03:42,top
Pengguna Google,5,2021-05-05 06:46:43,Mantab
Pengguna Google,5,2021-06-12 07:32:30,"Manteb lah buat toped,, keamanannya lbh terjamin , jauh beda dibanding si lazambrong,"
Pengguna Google,5,2021-09-26 21:45:33,Wow..
Pengguna Google,1,2023-05-20 10:57:01,"paketnya lama bangeeeet nyampeeee, klo ditoko oren kok bntr yaaaa. udh yg ke 2 ni lama bgt nyampe paketnya, mana gada pengiriman di weekend"
Pengguna Google,1,2022-02-18 09:51:49,"Sy dpt wa promo tokopedia bisa belanja Rp.0 nah saya coba beli tp dpt notif transaksi dibatalkan oleh sistem setelah saya mentransfer biaya pengiriman , membingungkan"
Pengguna Google,5,2021-09-03 04:11:17,Mantab
Pengguna Google,1,2021-06-28 12:33:20,Maaf aku ga bsa buka aplikasi soalnya lupa semuanya... Waktu buka shopi sama lajada juga udh lama sekalih de...
Pengguna Google,5,2021-04-20 09:15:27,Mantaaap Selalu
Pengguna Google,5,2021-08-26 05:41:29,Aplikasinya sangat bagus banyak discount dan cashback tokopedia the best terimakasih tokopedia Selamat ulang tahun tokopedia🎁🎈
Pengguna Google,5,2022-02-28 05:29:27,Bagus. Cuma tolong hilangin expedisi anteraja karena sangat tidak layak pakai. Banyak masala
Pengguna Google,1,2022-11-21 03:56:10,"Udah make toped bertahun-tahun karena produk dalam negeri.. Tp karena kebijakan voucher terbaru, akhirnya siap² berpisah dengan toped...."
Pengguna Google,5,2021-04-06 14:04:07,bagus. cepat transaksi lewat tokopedia aja
Pengguna Google,1,2024-07-12 09:46:56,"Percuma ada fitur cancel, seller masih bisa nolak hadehh. Sudah kirim bukti juga sama aja"
Pengguna Google,1,2021-06-17 13:31:13,Tolong team tokopedia dimohon kebijakanya dalam mengawasi penipuan yang mengatas namakan tokopedia🙏🙏😖😖
Pengguna Google,5,2021-04-06 02:34:52,gooood
Pengguna Google,5,2022-04-30 19:25:50,Bagus belanja puas
Pengguna Google,5,2021-07-17 03:06:19,terimakasih tokped sudah ngasih promo bagi pengguna baru
Pengguna Google,5,2022-11-20 03:56:55,Agar terhubung
Pengguna Google,2,2023-02-04 17:21:06,"Ini kenapa ya akun tokopedia saya baru saja top up dan untuk nominalnya bukan sedikit memakai briva mitra tokopedia.. sedangkan mau direfund atau tarik dana berhasil cuma 1 kali dan refund selanjutnya malah saldo saya ditahan semua.. Di suruh verifikasi sudah,, dan disuruh melengkapi dokumen"" semua juga sudah tapi kenapa ya sudah lebih dari 2×24 jam belum selesai.. apapun sudah dipenuhi lantas apa maksud nya"
Pengguna Google,5,2021-09-05 23:44:49,sangat puasss dan mudah
Pengguna Google,5,2021-04-05 16:19:25,bagussss gk pernah kecewa
Pengguna Google,5,2021-11-02 09:18:17,bagus
Pengguna Google,2,2024-07-05 01:56:18,update versi terbaru bikin akun keluar mulu
Pengguna Google,5,2022-03-01 10:43:06,👍👍👍🖤🖤
Pengguna Google,5,2022-05-09 09:28:03,masuk ri
Pengguna Google,3,2022-01-07 10:51:20,Teurimakasih
Pengguna Google,5,2021-07-22 10:00:14,iss isssisssss cepet bener
Pengguna Google,5,2022-12-12 09:22:59,Oke
Pengguna Google,5,2022-03-04 14:11:21,Mantap Tokped Cashbak Nya Bukan Main Ga Pelit Juga Vocher nya ga kaya si oren pelit cashback
Pengguna Google,5,2021-04-10 23:36:08,Ok
Pengguna Google,5,2021-04-06 01:07:35,Semoga tokopedia sukses selalu...amin
Pengguna Google,5,2021-09-14 09:37:41,Mudah mencari barang2 yg diinginkan.
Pengguna Google,5,2021-04-05 23:20:27,Bagus
Pengguna Google,3,2021-04-03 04:47:16,Bagus sekali
Pengguna Google,4,2021-05-05 07:45:25,Top banget
Pengguna Google,5,2022-11-29 17:13:46,"Buat anda""semua yg suka produk yg bermutu & berkualitas semua ada di toko pedia. Kunjungilah toko kami.. lisdha colection."
Pengguna Google,3,2023-05-21 07:33:11,Tidak bisa COD ke Indonesia tengah dan timur
Pengguna Google,5,2021-07-25 13:36:20,mantaaap
Pengguna Google,5,2021-08-15 08:08:36,"sangat suka, mudah dan ga ribet😍"
Pengguna Google,1,2022-01-04 11:18:43,Parah tarik saldo lama banyak di tahan sementara. Padahal gk ada masalah
Pengguna Google,1,2022-11-02 04:16:31,makin kesini makin ga jelas. masa kalau pakai voucher diskon tidak bisa gratis ongkir. gak lucu tau!!!!
Pengguna Google,1,2021-11-20 20:51:09,Bintang 1. Ga tau kenapa pesanan dibatalkan ja. Katanya ga sesuai syarat dan ketentuan. Udah semangat ikut promo pengguna baru malah zonk. Mengecewakan
Pengguna Google,4,2021-04-01 13:45:18,"aplikasi sangat simple,terlengkap dan termurah"
Pengguna Google,1,2021-07-31 02:47:15,Prodak lazada murah dan terjangkau
Pengguna Google,1,2022-06-10 13:07:54,"Se enaknya aja sistem ngerubah estimasi, sekongkol"" sama kurirnya yang lambat,, yang di beli tuh makhluk hidup. Bukan benda mati!!!"
Pengguna Google,5,2021-04-18 02:24:16,Tokopedia yes yes yes
Pengguna Google,5,2021-09-18 14:52:13,ok bgt
Pengguna Google,5,2021-09-05 14:46:07,jos
Pengguna Google,1,2021-07-06 09:47:54,"Aplikasinu error ato gimana nih,dah order trus tau"" Otomatis dibatalin dr tokopediany akhirny danany masuk ke saldo tokped, trus pas mo narik saldony disuruh buat sandi dan saya buat sandi malah disruh masukin sandi baru lg trus saya masukin sandi yg lama dan baru munculny tulisan ""akun ini sudah ada sandiny"" Gituu muluu solusiny laahhhh geram kali aku"
Pengguna Google,5,2022-01-10 10:58:10,"Bantu ACC pengajuan pinjmaan saya kak atas nama Ajan Supriatna, mudah mudahan pengajuan pinjaman saya di ACC. Lihat di iklan FB tenornya lama bunganya juga rendah recomen banget buat teman teman yang mau. Terima kasih"
Pengguna Google,5,2022-02-06 11:48:17,Keren
Pengguna Google,5,2022-05-03 12:56:24,aplikasi nya bagus sekali
Pengguna Google,5,2021-11-04 17:06:38,Mantap
Pengguna Google,5,2022-01-20 04:16:47,mantap
Pengguna Google,4,2021-06-15 05:04:51,Baik pelayananbya
Pengguna Google,5,2021-09-18 13:43:03,Videonya sangat bermanfaat
Pengguna Google,4,2023-10-07 10:38:03,Lumayan cuman ada fitur yang keluar jadi tolong di updet lagi
Pengguna Google,5,2021-05-24 10:14:34,Tokopedia memang hebat dan changgeh
Pengguna Google,5,2021-08-17 05:00:26,Tokopedia 👍👍
Pengguna Google,5,2022-06-06 10:30:51,"berbelanja mudah dan banyak pilihannya, baik harga serta variatifnya"
Pengguna Google,1,2021-07-31 16:08:25,"dapet haidah katanya 300rb ,eeeh udh d download ga da ,kalo mau d downlod jgn pake nipu supaya orng downlod .payah"
Pengguna Google,5,2021-10-20 04:29:13,sangat bagus
Pengguna Google,5,2021-09-27 01:11:01,ok
Pengguna Google,5,2021-03-26 05:11:19,bagus👍
Pengguna Google,5,2021-03-31 06:58:11,bermanfaat
Pengguna Google,5,2021-06-07 13:20:57,Saya Suka Aplikasi ini
Pengguna Google,5,2021-08-16 03:08:56,Sy senang dg ini....smg nyata
Pengguna Google,5,2022-01-31 15:40:47,ada promo Rp.0 untuk pengguna baru sih ini luar biasa banget
Pengguna Google,4,2022-09-07 03:25:25,"Sekarang cashback makin susah didapat,krn belanja minimal nya rerata dinaikin, pengiriman juga knp jadi lamaaaa estimasinya, gratis ongkir nya juga naik batas minimal belanja, padahal itu salah satu keunggulan tokped"
Pengguna Google,4,2021-08-26 12:37:11,baik
Pengguna Google,1,2023-07-09 22:47:56,Pencairan lama harus nunggu 2x24 jam kasihan UMKM perputaran uang lambat parahh aduhhhh
Pengguna Google,5,2021-05-02 15:52:06,Memuaskan 😁
Pengguna Google,5,2022-02-03 18:15:59,proses cepat
Pengguna Google,1,2023-01-03 05:06:38,gak jelas...gk sekali beli disini bermasalah.pertama barang gak sampai . komplen susah gak direspon.....yang ke dua order pgrman kurir lama gak dteng dteng ...giliran dateng paket isinya kosong.....wkwkw tokped gak jelas...banyakan penipu yg jual ama kurir sama aja
Pengguna Google,5,2021-07-09 16:17:34,Mntap
Pengguna Google,5,2021-05-29 05:29:17,banyak promo dn voucher mantap 👍
Pengguna Google,5,2021-06-29 09:47:31,Oke 👍👍
Pengguna Google,5,2022-02-21 14:35:10,Beli barang tdk sesuai dgn gambar
Pengguna Google,1,2021-05-25 16:53:33,Ini beneran dapat pocer gratis seharga 1000000
Pengguna Google,5,2022-02-28 14:31:59,sangat bagus
Pengguna Google,5,2022-01-27 05:19:45,Barang bagus
Pengguna Google,5,2021-08-04 00:28:55,Saya suka dental pelayanan tokopedia
Pengguna Google,2,2023-06-07 02:56:37,Gak ada pembayaran cod
Pengguna Google,4,2021-04-24 08:25:25,baru download
Pengguna Google,5,2022-04-05 15:36:44,Izin instal
Pengguna Google,1,2023-07-17 17:28:07,"parah banget csnya, sangat sangat slowrespon, bahkan gabales sama sekali udah hampir 24 jam. tiap ada kendala, diarahkan untuk hubungi tokopedia care, CSNYA GAJAWAB CHAT, TERUS BUAT APA SAYA DIARAHKAN KESANA? TOLONG DONG PAHAMI DAN JAWAB KENDALA USER!"
Pengguna Google,1,2022-12-13 08:08:06,Parah Tokopedia skrg kupon sdh tidak bisa dipakai sama sx Bener2 kecewa
Pengguna Google,1,2021-12-06 01:10:29,"Banyak promo yang Hoax, Pesanan Sudah dibayar kok tiba tiba cancel system."
Pengguna Google,1,2024-03-17 08:41:29,KLO cod cepet ngirimnya tapi KLO barang sudah dibayar lama sekali ngirimnya kau SAPX....parah sekali
Pengguna Google,5,2022-03-14 09:51:23,Ongkir murah...walaupun cod...sangat membantu kami
Pengguna Google,5,2022-04-25 11:29:18,keren bangettt upgradeee terussss yaaakkk
Pengguna Google,5,2021-08-30 02:25:26,jos
Pengguna Google,4,2022-09-18 05:23:52,sangat menyenangkan
Pengguna Google,5,2022-02-25 04:16:37,ok
Pengguna Google,5,2021-03-27 15:41:35,kerennn...
Pengguna Google,5,2022-02-13 13:59:59,Pengalaman pemburuh ikan 🎏🎏🎏🎏 yang penting hidup bahagia sehat selamanya
Pengguna Google,5,2021-10-09 19:50:35,Tokopedia is the best
Pengguna Google,5,2023-07-17 00:50:54,matap
Pengguna Google,5,2021-04-14 21:17:01,"Took pedia emang mantap,,,,,, ,,,,,, rugi kalo lho gk belanja di sini,,,,,,,"
Pengguna Google,1,2024-03-28 18:12:22,"Bulan kemarin belanja pake voucher diskon yang disediakan oleh pihak Tokopedia. Tibalah paket diskonan itu, saya konfirmasi pesanan terus saya kasih ulasan produknya ... Awalnya sih gak ada masalah, selang beberapa hari akun Tokopedia saya tiba-tiba gak bisa pake voucher diskon/promoan tertulis ""Maaf akun kamu tidak sesuai s&k promo"" saya kaget padahal gak melakukan hal2 yang nggak2. Saya chat cs nya katanya melanggar s&k, udah saya jelasin masalahnya tapi gak dikasih solusi. Kecewa sama cs nya."
Pengguna Google,4,2023-07-25 04:22:04,"bagus,jika gratis ongkirnya diperbanyak!!"
Pengguna Google,5,2022-07-09 21:55:42,good
Pengguna Google,5,2021-10-31 09:55:01,sukses terus
Pengguna Google,2,2022-09-15 09:06:01,Akhir2 ini toped mengecewakan pengiriman melebihi estimasi waktu pemberi tahuan diakhir waktu mohon di perbaiki.
Pengguna Google,5,2022-05-20 14:06:02,aplkasi cepat
Pengguna Google,5,2023-09-25 14:20:20,"Semuanya bagus, cuman satu yang bikin ribet, ketika memasukkan barang ke troli, akan muncul pop up ""lengkapi belanjamu"" dan barang yang di tampilkan di pop-up tersebut jauh dari kesamaan atau kemiripan atau sangkutannya dengan jenis barang yang kita masukkan di troli. K"
Pengguna Google,5,2022-03-10 14:36:10,Mantul bingit
Pengguna Google,5,2021-03-28 21:19:24,Baik dan nyaman
Pengguna Google,4,2021-05-20 10:49:03,Cukup lengkap
Pengguna Google,2,2022-02-12 04:24:46,Bingung ..harga sesuai yang tertera..setelah dibayarkan ditolak karena ada kenaikan terus dibatalkan..
Pengguna Google,5,2021-07-14 13:18:23,terbaik lah
Pengguna Google,5,2022-01-15 15:46:32,ok
Pengguna Google,5,2022-01-17 02:09:50,sippp
Pengguna Google,5,2022-07-17 01:51:41,Terimakasih
Pengguna Google,5,2021-03-31 12:10:11,tokped Mantul lebih mudah mencari pelajaran yg di inginkan
Pengguna Google,1,2024-07-24 12:08:41,Tolong untuk tokopedia care bagian kartu kredit diedukasi dengan baik oleh perusahaan
Pengguna Google,5,2021-12-01 03:11:13,suka suka suka
Pengguna Google,5,2021-10-13 10:11:12,Bagus dan amanah
Pengguna Google,5,2021-08-19 16:53:59,semoga tokopedia sukses selalu
Pengguna Google,5,2024-01-15 02:38:03,Sekarang lemot..aplikasinya
Pengguna Google,5,2023-05-24 11:34:45,keren
Pengguna Google,1,2021-07-10 11:39:10,"Untuk pihak Tokopedia yg terhormat, saya belanja sudah mau seminggu tapi barang belom di proses dikarenakan barang sudah tidak tersedia sedangkan dari pihak toko ngasih tau pas sudah di bayar, tolong dengan sangat kalo memang tidak bisa di proses balikin uangnya karna cuma uang itu yg saya punya..kalo tau bakal begini mending belanja di shopee barang tdk di proses bisa balik duitnya sumpah sdih banget saya ini cuma bisa nangis nasib anak kos..ya allah saya masih berat mengikhlaskan uangnya😭"
Pengguna Google,5,2021-04-16 02:04:26,Bagus
Pengguna Google,5,2021-06-25 15:34:16,Terima kasih.
Pengguna Google,5,2021-09-18 05:27:33,rahasia☆☆☆☆☆
Pengguna Google,5,2021-09-29 03:26:53,makasih yah tokopedia buat tlaktiran nya
Pengguna Google,5,2021-04-04 11:04:01,Mantaaaaap
Pengguna Google,5,2021-09-15 09:28:55,puas belanja di tokopedia
Pengguna Google,5,2024-06-28 16:56:59,Saya suka belajar di Tokopedia cuma saya tidak suka pengiriman rekomendasi nya terlalu lama dan telat tidak sesuai estimasi.tidak seperti dulu pengiriman nya cepat.
Pengguna Google,1,2022-01-29 10:10:42,Iklan nya gak ngotak gak bisa di skip
Pengguna Google,4,2021-06-14 16:17:18,Nyaman terbaik
Pengguna Google,5,2021-09-17 02:07:01,bagus
Pengguna Google,1,2021-05-18 01:43:27,"Assalamualaikum Saya jg SM dgn bg Rian,ikuti gebyar ultah Pertamina, dan ikuti urutan cara caranya ,saya pun dpt hp, trus akhirnya spin dpt klaim hadiah 1 JT.tp tak muncul jg. Mungkin ya sudahlah Allah berkehendak lain😔"
Pengguna Google,2,2022-08-16 19:07:43,Dak bisa diinstal???????
Pengguna Google,5,2021-08-11 21:02:45,Oke banget
Pengguna Google,5,2022-03-29 06:47:22,luar biasa!! terima kasih tokopedia
Pengguna Google,4,2024-07-23 11:23:39,"Diskon nya banyak,sayangya pengirimanya lambat, 1 minggu baru sampe rumah, kalo belanja lewat sini jangan ekspektasi nya 3 hari sampe buat yang toko jaraknya lebih dari 20km."
Pengguna Google,5,2021-08-10 14:47:18,"Mantap, gak ribet, pemilihan kurir bisa diatur gak kayak toko orange"
Pengguna Google,3,2021-07-28 04:38:12,Belum di mengerti.
Pengguna Google,5,2022-09-12 14:52:46,beneran gratis ongkir puass
Pengguna Google,5,2021-04-08 22:40:40,sangat membantu
Pengguna Google,5,2021-03-31 08:47:05,Sangat bagus
Pengguna Google,5,2021-08-30 15:32:05,Wow beli skill academy lewat tokopedia sangat mudah..
Pengguna Google,5,2022-02-20 11:23:40,Memuaskan
Pengguna Google,5,2021-04-07 04:12:14,Mantap
Pengguna Google,1,2021-05-18 18:19:52,Belanja di sini tidak puas.
Pengguna Google,5,2021-10-17 00:52:28,cukup baik
Pengguna Google,3,2022-09-02 06:57:39,kenapa sekarang pake ada biaya tambahan admin 1000 ? padahalkan dlu gak ada.hemp jd rada kecewa.padahal aku pengguna lama tokped.
Pengguna Google,5,2022-06-11 17:06:29,"Responnya scnya sangat cepet sekali, buat admin yg bernama kak deanra makasih banyak udah dibantu"
Pengguna Google,5,2021-04-03 16:48:59,joz
Pengguna Google,1,2023-06-05 08:30:06,"Ongkos kirim sekarang sudah gak ngotak, pindah aja deh"
Pengguna Google,1,2021-06-23 07:02:05,Ga seru
Pengguna Google,5,2021-11-21 01:48:21,mantap
Pengguna Google,5,2021-03-29 01:36:40,bagus sekali
Pengguna Google,5,2021-07-03 16:41:01,Bagusss
Pengguna Google,5,2021-07-21 10:47:36,Tokopedia okee
Pengguna Google,5,2021-06-13 03:15:10,Mantap
Pengguna Google,5,2021-10-18 09:45:31,mantap
Pengguna Google,5,2021-04-01 08:58:04,bagus sekali
Pengguna Google,5,2021-05-17 15:54:25,Di coba dulu
Pengguna Google,5,2022-09-24 08:06:07,Josssss pokok eeeeee
Pengguna Google,5,2022-02-07 08:35:20,👍👍👍👍👍👍
Pengguna Google,5,2022-12-30 13:11:04,Mantap tawwa 👍👍👍
Pengguna Google,1,2023-05-02 01:33:46,Promonya udah ga banget sekarang. Biaya layanannya juga naik jadi Rp 2.000. Makin ga worth it belanja dan jualan di sini
Pengguna Google,5,2021-04-14 02:01:14,mantap
Pengguna Google,5,2021-04-01 14:01:00,Terimakasih Tokopedia mantap
Pengguna Google,5,2022-05-24 12:53:01,Top aplikasi
Pengguna Google,1,2022-09-19 01:36:10,"Toko tokonya lambat, orang pesan lewat instan tapi dikirim nya besok ya buat apa? Batalkan pesanan aja susah, setelah urusan clear, saya unninstall. First order yg mengecewakan"
Pengguna Google,5,2022-03-03 07:16:57,Bagus
Pengguna Google,5,2022-04-04 18:41:49,keren abissss
Pengguna Google,5,2021-05-16 07:14:13,"pembayaran pakai link aja, lebih mudah"
Pengguna Google,1,2021-09-13 04:38:38,"Repot kena hoak Mulu gw, katanya install tokped dapet 1jt eh malah gk dapet dapet,,,mlah sekarang hp Gea eerroorr🥴"
Pengguna Google,4,2022-05-02 09:59:10,bagus
Pengguna Google,2,2022-12-24 01:17:54,"Sayang sekali, dulu aku suka pakai tokopedia karna gampang penggunannya, gampang buat filter2 sesuai kebutuhan sekarang fitur2nya jadi kayak toko oren yang bikin kecewa. fillter harga jadi susah, filter jenis produk juga susah. Tolong ya diperbaiki lagi, di kaji lagi terkait fitur2nya apakah bener2 bisa membantu pelanggan atau malah menyulitkan. Thanks"
Pengguna Google,4,2021-11-05 02:02:15,Bagus suka aplikasi ini
Pengguna Google,2,2021-10-20 10:26:54,"Kalau ada opsi pemilihan kurir di toko bebas ongkir, otw bintang 5"
Pengguna Google,5,2021-03-31 07:39:44,aplikasinya bagus menarik mudah digunakan apalagi bagi saya yang mengikuti program prakerja
Pengguna Google,5,2021-11-01 04:07:21,Layanan yang diberikan oleh tokopedia sangat bagus
Pengguna Google,1,2023-10-23 07:44:19,Kecewa sekali.... Sekarang pesanannya lama banget sampainya ke customer.
Pengguna Google,5,2021-05-02 02:10:12,assalamualaikum kenapa untuk penarikan saldo sangat susah dan saya sudah berualang kali ambil saldo tdk bisa padahal saya coba berkali kali dan untuk di gunakan untuk belanja juga susah mau jualan lagi takut.. Ya ini buka lagi toko susah. Tokoped abdet malaf tambah ribeeet gituuuu. Ribeeet ...banngeeeet
Pengguna Google,5,2021-07-12 10:14:11,"sering"" traktir ya min hehe"
Pengguna Google,5,2021-04-03 16:55:03,Maaf saya hanya ngasih saran supaya pembayaran kredit nya di tambah kan AKULAKU soal nya pelayan dan kinerja #AKULAKU lebih enak dari yang lain... Kita gak selalu di telpon sampai jatuh tempo.dan gak kerasa tergangu karna telpon² gak jelas
Pengguna Google,5,2021-04-29 19:33:12,Bagus Banet Moga sukses
Pengguna Google,5,2022-02-02 13:17:54,keren banget
Pengguna Google,1,2023-09-09 03:39:50,klo dapat voucher banyak buat pengguna baru pemesanan di batalkan. padahal uda cekout kenapa di batalkan. apa takut rugi ya.. trus voucer pengguna baru hilang juga setelah di batalkan
Pengguna Google,2,2021-05-14 05:00:32,Bagus
Pengguna Google,5,2021-03-25 06:14:57,Sangat membantu
Pengguna Google,5,2021-05-27 08:09:08,Belum pengalaman buka Tokopedia.
Pengguna Google,2,2022-11-17 05:00:27,"Kenapa gratis ongkirnya antar aja sihhh, pengirimannya lama bgt"
Pengguna Google,1,2024-03-25 14:07:47,"Saldo ovo gw udh dipotong ,tapi di batalkan sistem.notif dikembalikan langsung.cek saldo ovo berkali² ga balik juga . ...asu emang ni tokped..lintah darat main tilep saldo aja"
Pengguna Google,5,2021-08-28 00:19:29,bermanfaat
Pengguna Google,5,2022-12-19 16:12:52,Tempat belanja yang banyak promo dan diskon
Pengguna Google,5,2022-03-02 02:17:28,semoga tokopedia makin...berkah..
Pengguna Google,5,2022-08-22 15:48:30,Jozz
Pengguna Google,5,2021-05-03 11:29:11,Pengusaha pecel lele
Pengguna Google,5,2022-08-16 10:26:14,Kenapa ga bisa digabungkan dengan kredivo ka
Pengguna Google,5,2021-09-20 05:51:05,bagus
Pengguna Google,5,2021-07-23 06:43:59,Sejauh ini sangat membantu
Pengguna Google,5,2022-12-29 01:31:34,Semoga makin maju Tokopedia semakin makin
Pengguna Google,4,2021-06-24 11:52:53,baru download semoga banyak gratis ongkir dan diskon..
Pengguna Google,5,2023-09-18 09:50:43,Bagus sangat membantu untuk berbelanja dan banyak promo dan diskon Ongkir yang diberikan oleh aplikasi ini. Mantap
Pengguna Google,5,2021-06-28 05:09:19,trimaksih tokopedia
Pengguna Google,5,2021-03-26 09:19:47,Terimakasih tokopedia sudah sangat membantu
Pengguna Google,5,2021-12-12 14:50:52,Mantap banyak gratisan wkwk
Pengguna Google,5,2021-04-23 08:07:33,Ok
Pengguna Google,5,2024-07-20 03:25:48,"aplikasi bagus , tapi semenjak gabung sama tik tok shop prodak banyak yang kurang berkwalitas , beda sebelum gabung tik tok shop prodak ori semua , kwalitas bagus"" , tolong di pilah dalam mengambil seller ,,, 🙏"
Pengguna Google,5,2021-03-31 09:03:36,mudah d mengerti
Pengguna Google,2,2021-08-06 05:41:29,Kenapa sekarang buka aplikasi harus pake VPN.?????????
Pengguna Google,5,2024-05-22 12:49:01,udahh nyaman belanja disini..dri Thun 2013 lalu...trima kasih tokopedia
Pengguna Google,5,2021-06-29 16:01:10,Ok
Pengguna Google,5,2022-02-16 09:56:27,Haris Maulana
Pengguna Google,5,2023-02-04 11:19:27,mantap
Pengguna Google,5,2021-06-17 07:16:42,blnja jd lbh mudah
Pengguna Google,5,2022-05-05 00:26:49,"Terimaksih toko pedia,aplikasi yang sangat bermanfaat"
Pengguna Google,1,2023-03-03 14:56:13,Gak bantu pembeli pro penjual
Pengguna Google,5,2023-05-27 04:37:49,bagus dan sangat membantu
Pengguna Google,5,2021-08-23 07:23:13,butuh cip
Pengguna Google,5,2024-07-15 06:57:13,ok
Pengguna Google,1,2021-04-02 15:17:28,Sangat membantu
Pengguna Google,3,2021-09-23 09:22:32,cukub baik
Pengguna Google,1,2022-02-17 15:25:49,ok
Pengguna Google,2,2022-04-29 01:41:43,V ef2
Pengguna Google,5,2023-10-31 07:16:08,Puas dengan belanja di TOKO PEDIA MURAH DAN BAHAN BERKUALITAS
Pengguna Google,1,2023-05-16 02:35:26,Sebagai member gold saya sangat kecewa ketika membeli tv di Polytron official store melalui Tokopedia bahwa ternyata tv yg dikirimkan dalam keadaan mati total kemudian saya komplain dari tanggal 8 mei 2023 meminta penggantian barang hingga saat ini belum juga ada realisasi padahal saya sudah mengirim bukti berupa foto dan video bahwasanya tv yg dikirimkan kepada saya mati total jika Tokopedia tidak peduli kpd pembeli apakah saya harus UNINSTALL TOKOPEDIA untuk selamanya
Pengguna Google,5,2021-05-24 22:54:25,Termudah belanja.aman dan terlengkap
Pengguna Google,1,2022-11-04 12:55:26,Payah sekarang vc nya
Pengguna Google,1,2022-06-16 17:25:10,"Promo pulsa ngak pernaH bisa di pakai slalu gagal terus , walaupun dana di kembalikan tapi tetep saja kecewa lahk ,setiap kali ada promo pulsa slalu gagal"
Pengguna Google,5,2021-05-01 06:51:18,Bagus sejauh ini
Pengguna Google,5,2021-11-03 09:42:01,"terimakasih, mudah²an benar² gratisan"
Pengguna Google,5,2021-08-06 12:22:54,Mantap
Pengguna Google,1,2021-04-16 23:07:08,"Apa apaan tokopedia ini bau beli ini itu semua stok habis, gimana sih ga niat ngasih diskon ya sampe segitunya HAHAHA"
Pengguna Google,5,2022-02-10 11:51:19,best 🤩🤩
Pengguna Google,1,2022-02-13 00:23:04,UuQo
Pengguna Google,1,2021-08-10 04:32:26,Jangan instal teman teman kasih promo paling tidak niat di bikin ribet konsumen nya
Pengguna Google,5,2022-02-04 08:52:24,suka belanja di tokopedia banyak diskonnya. sering2 kasih diskon yaa😃👍
Pengguna Google,1,2022-10-29 02:50:26,Sudah pake gopay masih kena biaya transaksi. Kenapa ga langsung aja. Makin aneh sekarang . Bayar pake apa yang ga kena biaya transaksi?
Pengguna Google,5,2021-07-22 07:34:47,Makasih promo diskonnya ❤️
Pengguna Google,1,2023-08-08 04:26:29,"Affiliater tokopedia tdk menguntungkan, komisinya terlalu kecil. Dpt pesenan jg hitungan komisinya kecil. Ssh payah cari org buat beli dr link kita tp pihak tokopedia tdk menghargai usaha kita . Kita share link muter otak , hrs bikin iklan, hrs share setiap hr di sosmed. Klo mau aff nya bisa nyaingin toko sebelah, jgn mau untungnya sj. Hargai dan beri harga nilai yg pantas buat kerja keras org"
Pengguna Google,5,2024-05-29 22:40:03,Terimakasih tokped sudah membantu untuk mempermudah dlm proses prakerja
Pengguna Google,5,2021-03-31 08:02:36,senang belanja di tokopedia
Pengguna Google,1,2022-11-02 08:34:34,"Makin Kesini makin gak jelas,ongkir makin mahal dengan alasan gak jelas . Di tambah promo gak bisa digabung dengan gratis ongkir. Apa yg mau dibanggain lagi"
Pengguna Google,5,2021-08-26 01:08:03,Mantaaaaapp
Pengguna Google,5,2021-12-06 14:11:56,oke👍👍
Pengguna Google,1,2024-03-18 05:43:18,"Pantesan banyak yang pindah ke shoope karena banyak pelanggan ketipu masak ongkir di up sendiri dari penjual 14k di checkout jadi 50k dan sekarang siap"" Aja sepi karena ulah sendiri"
Pengguna Google,1,2021-05-10 14:12:43,Oke
Pengguna Google,2,2024-02-22 07:49:21,"Semenjak sahamnya dibeli tiktok, setelah update apk semakin berat dan ui tokped semakin acak2an gak rapih dan gak simple seperti dulu."
Pengguna Google,5,2022-02-15 23:42:27,mudah
Pengguna Google,3,2021-04-06 18:40:17,Coba
Pengguna Google,5,2023-10-04 02:35:52,pembayarannya susah kalau tidak ada COD soalnya blm pernah pke ovo 🤭
Pengguna Google,1,2021-06-28 15:18:17,Apk olshop paling buruk udh belii malahan kebatal dan gk bisa cekot
Pengguna Google,4,2021-06-28 06:45:59,Bagus apknya
Pengguna Google,5,2021-03-24 17:33:58,Trimakasih tokopedia
Pengguna Google,1,2023-09-12 16:21:03,Toko pedia
Pengguna Google,5,2022-01-13 01:17:39,smga smpai dg slmt...mksh
Pengguna Google,5,2021-04-30 15:44:11,sak jose ncen tokopedia tidak mengecewakan
Pengguna Google,1,2021-05-27 01:41:07,"Pembelian pulsa dibatalkan sepihak, dana sulit diambil, payah sekali pelayanan customer"
Pengguna Google,1,2021-04-29 11:41:02,hoax..hadiahnya ngga bsa d claim 😡
Pengguna Google,5,2021-05-10 21:19:36,maantapp
Pengguna Google,5,2021-08-18 08:34:24,TERPAKSA!!!!!!!
Pengguna Google,1,2023-12-04 10:11:55,"Saya penggunaan baru tokopedia, saya pesan dan sudah saya bayar tiba tiba dibatalkan dengan alasan tidak memenuhi syarat dan ketentuan dengan dugaan manipulasi transaksi padahal saya transaksi seperti biasa sama dengan toko sebelah saya tidak aneh"" eh malah dibatalkan dari tokopedia dan promo nya tidak bisa di gunakan lagi, saya sangat kecewa dengan itu."
Pengguna Google,5,2021-06-18 08:52:14,Ok
Pengguna Google,5,2024-02-09 13:14:16,diskon nya bnyak
Pengguna Google,1,2021-07-22 11:40:56,Payah beli barang. Beda hape. Beda akun kok dbatalkan sistem..Karena alamatnya sama. Katanya nglanggar TC. Ckckckck payah sekaliiii...lah trs solusinya aku msti pinjem rumah orang lain? Buat ngirim paketnya?
Pengguna Google,5,2024-01-02 14:05:17,mantaf
Pengguna Google,5,2022-08-05 11:37:26,Mantap tokped selalu berkualitas
Pengguna Google,5,2022-04-29 16:01:51,Cukup bagus membantu meringan kan perjalanan
Pengguna Google,5,2022-02-03 04:52:04,Mantul
Pengguna Google,5,2021-03-25 15:02:57,"Mohon di jawab, apakah Tokopedia sedang mengadakan give away handphone?? Dikarenakan saya di whatsapp, oleh seseorang yang mengaku dari Tokopedia bahwa saya menang giveaway padahal saya sendiri ga ikut giveaway kenapa saya bisa menang? Apakah itu benar dari Tokopedia atau hanya penipuan??"
Pengguna Google,5,2023-01-07 11:44:18,good
Pengguna Google,1,2021-04-17 00:45:08,Toko pedia gak ada custemer service nya ya?mau nanya2 gak bisa
Pengguna Google,5,2021-06-12 14:26:13,Sering2 promo aja
Pengguna Google,5,2021-12-12 13:37:19,Mantap..! Sukses selalu tambahin tokopedia later dong... minimal limit tiga juta rupiah biar bisa kredit hp
Pengguna Google,5,2021-04-17 22:10:15,Makasih tokopedia ❤❤❤
Pengguna Google,5,2021-09-07 07:04:04,joosss tenan
Pengguna Google,1,2021-05-17 13:39:39,Ok
Pengguna Google,5,2022-08-11 11:40:22,mantap dan banyak promo menarik
Pengguna Google,5,2021-12-17 07:18:00,Oke....
Pengguna Google,1,2024-02-01 17:27:07,"Kecewa banget,,pesen barang sudah sebulan gak sampai dan tidak ada kejelasan,,hub tokopedia care pun jawaban template gitu gitu aja,,kalo memang expedisinya bermasalah jangan direkomendasikan ke pelanggan dong,,sama aja jebakan kalo masih dilakukan,,expredisi yg tidak propesional,pelanggan yang dirugikan,nunggu BAP lah,nunggu dokumen lah,,,bener2 parah ini aplikasi,"
Pengguna Google,5,2021-04-20 06:50:49,mantappp
Pengguna Google,5,2021-12-09 08:30:56,ok
Pengguna Google,5,2022-05-13 07:18:55,"Makasih Toko pedia, toko pedia sangat membantu pesanan selalu cpat dan tepat"
Pengguna Google,5,2021-05-26 18:42:30,ok
Pengguna Google,5,2021-07-29 06:30:17,Pelayanan bagus
Pengguna Google,3,2022-03-06 13:22:31,promo ongkir gratisnya sering ilang ga ada padahal langganan lbh dari syarat ongkir gratis
Pengguna Google,5,2022-10-04 01:45:26,Bisa dapet hadiah menarik🤩
Pengguna Google,5,2021-09-20 04:37:49,kerenn
Pengguna Google,5,2022-01-04 17:20:04,sangat membantu
Pengguna Google,5,2022-05-22 13:25:13,mantap
Pengguna Google,5,2022-03-17 10:08:39,sampai saat ini saya masih puas
Pengguna Google,5,2021-04-10 04:06:35,Tokopedia ok banget
Pengguna Google,4,2021-08-05 12:54:57,bagus
Pengguna Google,5,2023-03-18 00:55:23,oke
Pengguna Google,5,2023-08-20 12:36:27,bagus
Pengguna Google,5,2021-11-24 05:43:13,good
Pengguna Google,5,2022-02-26 08:10:03,Server payah
Pengguna Google,5,2022-09-03 11:30:11,banyak ongkis gratisnya thanks.
Pengguna Google,2,2021-08-18 22:09:30,Ini baru lagi dapat hadiah dari toko pedia yg gak² aj...
Pengguna Google,5,2022-04-18 17:54:38,"bguss bgt dh baru download udh dpt hadiah bnyk bgtt gilaakkk, takbirrrr !!"
Pengguna Google,5,2021-04-07 09:49:40,Keren Aplikasi nya
Pengguna Google,5,2021-06-26 16:49:09,Top
Pengguna Google,5,2024-03-02 10:18:18,sippp
Pengguna Google,1,2022-11-03 21:19:06,Masa gratis ongkir ga bisa disatuin sama promo cashback
Pengguna Google,5,2022-02-22 03:23:38,top
Pengguna Google,1,2022-09-24 06:42:17,"Saya sdh lama jadi customer platinum Tokopedia dan sedikit lagi akan menuju diamond, tapi pelayanan customer care sangat lambat. Katanya saya melanggar ketentuan promosi tapi sdh 2 jam menunggu kejelasan blm jg ada kabar. Di aplikasi lain saya sangat cepat di tanggapi karena saya juga sdh di level tertinggi. Harusnya Tokopedia melayani customer dengan pembelian yg rutin. Sungguh sangat kecewa pelayanan customer care Tokopedia. Solusi sampai saat ini blm ada dari Tokopedia"
Pengguna Google,5,2021-12-16 14:59:03,"Tokopedia tidak bisa menjaga netralitas sebagai pelaku bisnis, malah mengundang tokoh provokator SARA di acaranya...ikut memecah belah bangsa."
Pengguna Google,5,2021-03-26 00:57:14,Mantap aplikasi nya
Pengguna Google,5,2021-08-10 09:45:06,Topmarkotop
Pengguna Google,5,2022-02-20 19:42:35,makasi apk nya sangat bagus
Pengguna Google,5,2022-01-09 01:36:00,top marotop
Pengguna Google,2,2021-12-27 15:27:01,ok
Pengguna Google,1,2023-08-18 18:27:01,Tidak bisa buka produk lewat link tolong di perbaiki. Sudah coba hubungi CS Tokopedia jawabannya hanya muter2 saja tidak membantu
Pengguna Google,5,2021-11-18 17:02:54,mantap..
Pengguna Google,5,2022-01-12 18:50:29,OK BANGAT
Pengguna Google,5,2023-03-29 05:48:45,Kok gak bisa di upload
Pengguna Google,5,2022-03-31 08:55:47,"Cukup baik, promo2 sangat menarik"
Pengguna Google,5,2021-05-26 07:43:33,mantaaap
Pengguna Google,5,2022-06-20 07:32:55,aplikasi pokoknya the best sukses slalu semuga makin banyak pengguna nya
Pengguna Google,5,2021-12-01 03:26:50,good
Pengguna Google,5,2021-04-03 02:55:09,Terima kasih tokopedia telah menyediakan pelatihan yang mudah di fahami dan di mengerti sangat berguna sekali
Pengguna Google,5,2022-05-11 04:56:14,ok. mantapp
Pengguna Google,5,2022-10-08 10:45:46,keren banget aplikasi belanja online ini
Pengguna Google,5,2023-06-22 09:32:21,"Mantap, sangat membantu sekali"
Pengguna Google,5,2022-08-12 12:41:02,Tokopedia luar biasa
Pengguna Google,5,2021-11-03 16:12:34,Ok
Pengguna Google,5,2021-05-19 10:32:34,nice
Pengguna Google,5,2021-09-23 05:59:34,bagus sekali
Pengguna Google,5,2021-04-14 14:13:46,bagus
Pengguna Google,5,2021-11-03 12:25:54,bagus bgt aplikasi nyaa
Pengguna Google,5,2021-08-21 06:49:26,is the best
Pengguna Google,5,2024-03-25 08:43:53,bagus
Pengguna Google,5,2021-11-07 13:30:37,terimakasi telah membantu finansial anak kost
Pengguna Google,2,2021-04-24 06:46:10,Mantap
Pengguna Google,5,2021-09-21 11:27:07,terima kasih baking world yang telah membagi ilmu tentang masakan semoga pelatihannya bisa bermanfaat untuk saya dan tokopedia mantul
Pengguna Google,1,2022-09-08 09:21:39,"Bintang 1.. sorry ya tokped saya kecewa karena pesanan tidak sampai/hilang. Proses investigasi nya lama nya 5 hari , pengendalian dana pun lama 3 hari.. Voucher hilang, poin pun hilang . Hanya pengembalian dana. Tidak ada kompensasi lainnya. Rugi waktu saya .... 👎"
Pengguna Google,5,2021-06-07 09:55:30,Ddfeerre
Pengguna Google,5,2021-10-14 03:53:08,pelayanan sangat baik
Pengguna Google,5,2021-05-26 13:19:56,😁😁😁😁
Pengguna Google,1,2022-06-26 15:15:19,"Seo kacau parah, masa barang yang aku jual gak tampil di pencarian, udah coba topads juga gangaruh tailah"
Pengguna Google,5,2021-04-04 08:23:51,Bagus
Pengguna Google,5,2022-08-06 12:23:43,mantap
Pengguna Google,5,2021-09-27 03:48:40,mantap
Pengguna Google,4,2021-04-23 22:38:17,"Puas,hemat, bersahabat"
Pengguna Google,5,2022-03-22 22:10:47,Apk nya Sangatta bagus gua beroj. Bintang 5 ya
Pengguna Google,4,2021-12-02 07:41:51,okee mantap
Pengguna Google,5,2021-12-09 16:53:43,bagus
Pengguna Google,5,2022-04-02 10:58:09,sangat bagus sekali
Pengguna Google,3,2021-04-23 02:33:41,"Saya coba verivikasi OVO kok gak keluar-keluar ga SMS nya😫. Sampe kena blokir ngulang"" terus"
Pengguna Google,5,2021-07-30 12:31:01,𝑨𝒑𝒌 𝒊𝒏𝒊 𝒔𝒂𝒏𝒈𝒂𝒕 𝒃𝒂𝒈𝒖𝒔
Pengguna Google,5,2022-04-25 20:17:55,SLEBEWWW
Pengguna Google,5,2021-05-28 01:08:34,proses cepat
Pengguna Google,2,2022-11-25 03:27:31,"bikin susah, transaksi menggunakan DANA tidak bisa"
Pengguna Google,1,2021-05-01 03:58:13,Mantap makasih moga sukses terus
Pengguna Google,5,2022-07-31 00:04:28,👍👍👍
Pengguna Google,3,2023-09-12 03:21:42,"Kalau g niat kasih promo jgn gitu,sudah dibayar dibatalin"
Pengguna Google,5,2021-04-28 21:47:13,Ayu belanja di tokopedia
Pengguna Google,3,2022-02-01 06:22:16,"Kalo udah ke pembayaran plis stock toko di buat 0 langsung, soalnya saya sering ketikung/di PHP. Pas udah selesai bayar barang langsung habis 😃"
Pengguna Google,4,2021-12-11 03:41:40,Make learning easier. Thanks Tokopedia.
Pengguna Google,4,2022-01-11 01:42:16,coba dulu
Pengguna Google,1,2021-05-22 08:58:27,Baru download aplikasi y masa langsung minta di update
Pengguna Google,5,2022-04-02 14:18:07,puas belanja dtokopedia
Pengguna Google,3,2021-05-07 04:00:02,Halo kak aku mau tanya aku dapat voucher senilai 1 juta terus aku dapet kode gitu itu beneran ga yah masih bingung takut penipuan
Pengguna Google,5,2021-06-22 05:56:00,Excellent apps
Pengguna Google,5,2021-11-18 10:26:41,"barang nya bagus"" n orie"
Pengguna Google,5,2021-09-12 01:15:39,Terima kasih tokopedia.
Pengguna Google,1,2022-08-23 02:16:00,Aneh pesanannya di batalin sistem ngga jelas
Pengguna Google,4,2024-07-25 20:23:00,baik
Pengguna Google,4,2022-05-03 07:16:33,Lumayan
tulus siahaan,5,2021-03-24 15:05:19,semoga bermanfaat
Pengguna Google,5,2021-03-31 12:21:53,"Bagaimana caranya saya memberikan ulasan agar patihan selesai, sertifikat saya sudah ada dan patihan sudh selesai,tapi saya bingung memberikan ulasa kemana, di dashboard atau tokopedianya sih,,?? Udh 2 mnggu saya selesai pelatihan di bakingword."
Pengguna Google,4,2023-05-14 06:46:07,sangat membantu
Pengguna Google,5,2021-10-16 08:52:14,baru nyoba
Pengguna Google,1,2022-04-12 10:03:54,Banyak ngebug iklan
Pengguna Google,5,2024-05-07 10:36:37,Good
Pengguna Google,4,2021-11-27 15:38:43,bagus
Pengguna Google,3,2022-08-10 11:50:02,lewat gopay nya tidak bisa
Pengguna Google,5,2022-04-01 17:14:25,"The best si tokopedia, aplikasi belanja online terbaik mudah jelas serta promo/diskon bukan tipu tipu, anti lag serta jelas harga yg di pasang ya harga yg di jual Dan anti lag mudah membedakan barang original Dan work"
Pengguna Google,1,2022-08-12 09:05:30,"Top up gopay ada adminnya, bayar pakai gopay ada jasa aplikasinya lagi, ?????????"
Pengguna Google,5,2023-04-10 07:22:33,👍
Pengguna Google,5,2021-03-24 15:55:57,bagus sekali
Pengguna Google,3,2023-01-12 15:31:44,Lumayan
Pengguna Google,1,2022-09-26 15:16:32,Tolong hilangkan biaya transaksi apa perlu tu biaya jgn bnyk2 ambil untung sy bertahun2 pke Tokopedia klo begini sy pindah ke lain toko mksi
Pengguna Google,5,2021-12-01 11:07:22,Barang bagus bagus
Pengguna Google,5,2022-01-25 06:58:06,Boboboiy
Pengguna Google,4,2021-06-21 03:00:39,Bagus
Pengguna Google,2,2021-11-18 15:40:59,ok
Pengguna Google,5,2022-05-04 17:06:00,Puas
Pengguna Google,2,2021-09-07 23:06:27,"Dikasih dua dlu yaaa, yg masuk kerangjang pembelian cuma bza sampe 20. Tolong diperbaikin lagi bagian keranjang nya, supaya tidak terbatas masukin nya. Karena nunggu duit ada baru bza order🤗"
Pengguna Google,1,2022-11-24 15:55:45,"APLIKASI NIPU ,, PIHAK TOKOPEDIA CUMA CUEK TIDAK ADA RESPON BUAT MEMBANTU"
Pengguna Google,5,2021-03-26 01:39:54,Semoga toko pedia sukses selalu.
Pengguna Google,2,2022-03-14 10:58:59,Aplikasi belanja ter burik
Pengguna Google,5,2021-12-17 11:56:27,Tokopedia memang mantap
Pengguna Google,1,2021-10-26 07:39:16,"Semenjak di update sering muncul tulisan ""koneksi timeout, silahkan coba beberapa saat lagi"" sangat mengganggu kalo lagi Flash Sale Perbaiki bug nya, sebelum saya tinggalkan untuk selama nya 👎🏿"
Pengguna Google,5,2022-06-25 04:45:33,Good
Pengguna Google,5,2023-01-23 08:17:12,"Admin, Saya pakek kartu tri buka tokopedia lemot sekali.... untuk akses situs lain lancar terkendali... mohon perbaikan... pengunjung semakin banyak bandwidth tambahin donk..."
Pengguna Google,1,2022-09-21 01:51:24,"HATI HATI BUAT YG BELANJA ONLINE ELEKTRONIK DI TOKPED , GOJEK X TOKOPEDIA MELIHARA MALING & AKUN JOKI GOJEK, PAKET SAYA DIBAWA KABUR UDH 15 HARI GA ADA KEJELASAN"
Pengguna Google,5,2023-08-23 00:39:26,Gratis ongkir sedikit banget sekarang mh. kalah ma si oren. Yg bikin kecewa blanja diatas 50k. Kenapa ngambil vocer gratis ongkir min blja 20k Konyol kan knpa gk ngmbil pocer yg diatas 50k dan itu otomatis tidak bisa pilih.padahal jatahnya cuma 1. Bayangin 1 doang pelit bngt semenjak ada layanan PLUS. Klo gini terus aku uninstal.ada si oren yg lebih baik knpa hrs pke yg pelit
Pengguna Google,5,2022-03-29 03:49:02,mantep belanja disini
Pengguna Google,5,2021-08-22 07:04:49,Sangat bagus dan membantu
Pengguna Google,5,2021-12-21 11:51:58,mantap
Pengguna Google,5,2021-04-02 10:00:12,Sangat membantu dan bermanfaat.
Pengguna Google,2,2021-05-05 23:57:06,"Payah aplikasi nya mahallan ongkir nya sama biaya layanan ,pokoknya payah deh aplikasinya"
Pengguna Google,2,2023-06-19 07:22:26,Kualitasnya jlk
Pengguna Google,1,2021-12-04 12:15:19,Bisa ga sih kontl Jan lewat iklan gw terus
Pengguna Google,5,2022-10-21 05:57:16,Banyak promonya plus gratis ongkirnya beneran ada ... thanks tokopedia
Pengguna Google,1,2022-06-11 09:31:15,"Min, appnya versi ini berat, mohon di perbaiki, terimakasih."
Pengguna Google,1,2021-05-14 08:05:04,Tolong ditingkat lagi inves emasnya banyak harus diperbaiki lagi terus update min.
Pengguna Google,5,2023-04-01 14:40:19,istimewa
Pengguna Google,5,2022-05-19 05:23:55,oke gas langsung kirim gan
Pengguna Google,1,2022-11-19 14:14:17,Vocer diskon gabisa digabung
Pengguna Google,5,2021-12-27 12:33:09,ok
Pengguna Google,1,2021-12-11 00:22:41,Katannya 0% kok dibatalkan? Ada apa ? Setelah mencoba eh gak bisa di pakai...
Pengguna Google,5,2021-04-21 13:17:20,"sangat mudah, nyaman dan menyenangkan menggunakan pelatihan dari tokopedia. sukses selalu."
Pengguna Google,1,2021-03-27 01:41:24,Susah sekali masuk atau loginnya
Pengguna Google,5,2021-06-11 03:29:58,mntappp
Pengguna Google,5,2021-05-23 10:51:59,Bagus
Pengguna Google,5,2022-08-31 12:36:05,Menu menu nya mudah banget
Pengguna Google,5,2022-02-03 02:17:54,mantap
Pengguna Google,5,2021-04-01 19:19:52,Mantul
Pengguna Google,5,2021-09-23 03:34:38,Bagus
Pengguna Google,5,2022-10-19 14:27:23,"Terima kasih tokopedia, berkat tokopedia saya bisa momong sambil jualan di rumah, karna bnyak nya promo diskon dan cashback yang bisa saya manfaatin buat peluang usaha ,, Semoga kedepan nya di adakan promo menarik lagi buat yang sudah langganan di tokopedia, 😊😊😊"
Pengguna Google,4,2022-02-08 10:07:05,Bagus
Pengguna Google,5,2023-06-04 02:02:24,Sangat Bagus
Pengguna Google,5,2021-06-10 13:30:42,tokopedia mantap
Pengguna Google,4,2021-06-24 17:12:30,Baik
Pengguna Google,5,2021-09-16 04:38:31,Tolong admin munculkan kode voucher saya
Pengguna Google,1,2021-09-12 00:36:04,bagus
Pengguna Google,5,2021-04-07 15:48:27,sangat baik
Pengguna Google,5,2022-08-28 04:08:55,mantab
Pengguna Google,4,2021-10-07 14:54:17,"Beli pelatihan di sini susah sekali nulis ulasan padahal pelatihan sudah selesai.sudah dapat sertifikat,tapi masih belum bisa isi ulasan sehingga insentif belum keluar sama sekali.mohon di tindak lanjutin topers."
Pengguna Google,5,2021-06-06 11:07:36,sangat membantu
Pengguna Google,5,2021-11-11 11:25:32,indodana ditokopedia harus slalu bisa dipakai.
Pengguna Google,5,2021-08-05 01:37:08,terimakasih Tokopedia semoga ssukses selalu
Pengguna Google,5,2021-06-27 06:42:37,cepat dan dipercaya
Pengguna Google,5,2021-08-18 11:22:31,tokopedia oke
Pengguna Google,5,2023-02-21 20:58:07,Mantap
Pengguna Google,5,2022-04-22 05:44:01,"Alhamdulillah Terimakasih Tokopedia yg sudah menyediakan Platfom digital sebagai sarana yg menyediakan Pelatihan yg sangat bermanfaat ini, tersedia berbagai platfom yg bermacam2 jadi sangat membantu kita untuk menentukan mana pelatihan yang akan kita beli.."
Pengguna Google,5,2021-03-27 20:40:45,BTS ❤❤
Pengguna Google,1,2023-12-23 16:16:37,"udah bbrp kali ada promo tapi pas co suka dibatalin sistem, padahal belum pernah pake promonya"
Pengguna Google,5,2021-12-21 11:25:36,oke
Pengguna Google,5,2021-04-24 00:29:54,Lumayan
Pengguna Google,5,2021-09-13 15:44:33,mantap grtaisannya
Pengguna Google,5,2021-05-12 15:45:18,Sangat bagus
Pengguna Google,1,2022-08-29 08:38:17,Toko babi
Pengguna Google,1,2023-11-06 05:59:08,Setelah update jd buruk
Pengguna Google,5,2022-04-06 03:36:30,cepat akurat tepat
Pengguna Google,5,2021-05-07 00:40:36,Sangat membantu bayar ini bayar itu belanja ini belanja itu
Pengguna Google,5,2021-04-05 01:20:08,Is the best
Pengguna Google,1,2024-07-24 08:33:29,Potongan hasil penjualan barang sekarang banyak
Pengguna Google,1,2021-12-06 13:05:07,"Intinya, mau kelola akun susah, mau ganti no hp karena sudah ga aktif, eh verifikasi pilihannya cuma lewat sms, lah gmna kan no nya udah ga aktif, bener2 bad, bener2 mgerasain kecewa sm aplikasi."
Pengguna Google,1,2022-01-18 15:00:52,Apk tidak jelas tertulis di pengiriman tersedia bayar cod mengapa pas memulai pembayaran tidak ada sistem codnya mohon diperbaiki
Pengguna Google,5,2021-08-18 07:24:00,Tokopedia komplit dan bagus
Pengguna Google,5,2021-11-14 09:57:50,cukup mempermudah
Pengguna Google,5,2021-06-13 01:39:16,👍👍👍👍
Pengguna Google,1,2022-07-08 21:43:06,"Gila..!!! Tiap dapat gratis ongkir pasti selalu dapet ekspedisi Anteraja yang mungkin ekspedisi terburuk di indonesia!! Satu lagi, Tokopedia Jarang sekali memberikan diskon Gak seperti tandingan2nya! Kalo gak segera berbenah, 1-2 th lagi sudah bisa dipastikan orang2 akan beralih belanja online ke saingannya yg selalu banyak promo,diskon,dll."
Pengguna Google,4,2022-04-25 14:24:50,Tampilan flash sale tolong permudah jadi kita lebih mudah melihatnya
Pengguna Google,5,2021-10-25 05:17:33,mantap pokonya
Pengguna Google,4,2022-03-05 05:09:08,Smoga amanah.dan enak bisa blanja lewat onlen..
Pengguna Google,5,2021-09-02 14:40:56,Bagus
Pengguna Google,5,2021-09-21 04:14:01,terimakasih tokopedia...semoga aplikasinya semakin berkembang...semoga setifikat prakerja saya cepat keluar
Pengguna Google,5,2021-03-25 11:01:45,Terimkasih sudah sangat membantu untuk membeli pelatihan prakerja. Oke banget
Pengguna Google,5,2021-09-22 18:22:50,"baguss, memudahkan saya dalam berbelanjaaa🤩"
Pengguna Google,5,2021-04-13 03:23:45,Tolongin saya
Pengguna Google,5,2022-10-11 03:16:48,"Aplikasi sangat membantu saya dalam berbelanja online, terpercaya"
Pengguna Google,4,2021-04-07 04:14:30,Mantap dan jaya terus
Pengguna Google,5,2021-08-27 11:10:28,Ok
Pengguna Google,2,2021-06-28 16:49:55,BLOK... BLOK... GWOBOK!!!!
Pengguna Google,5,2021-06-27 07:09:12,Ok
Pengguna Google,5,2021-04-10 13:11:00,luar biasa istimewa
Pengguna Google,5,2022-04-04 02:22:52,Cuma ditokped saya berani beli barang mahal melalui online
Pengguna Google,5,2021-04-24 04:52:31,Bagus
Pengguna Google,1,2022-02-04 01:34:10,"Omagaaa,buruk bgt sihh sering bgt bermasalah"
Pengguna Google,5,2024-02-08 04:01:58,apk belanja terbaik😁👌
Pengguna Google,5,2023-04-17 06:58:18,"jooosss,,ga dibikin ribet sama nih aplikasi,.tengkiu tokped😘😘"
Pengguna Google,5,2021-04-02 06:59:44,mantab banget
Pengguna Google,5,2021-05-28 01:28:13,Mantap
Pengguna Google,4,2022-09-04 06:37:11,"Tolong kalau bisa ditambahkan rating untuk layanan kurir nya, jangan hanya untuk barangnya saja, Karna kadang kadang kualitas barang bagus tapi kurirnya yang kurang bagus"
Pengguna Google,1,2021-12-18 06:33:22,admin tokopedia lebih berpihak ke seller nakal sangat kecewa pelayanan tokopedia sebagai pihak 3 di saat ada masalah tidak bisa netral
Pengguna Google,5,2021-12-15 14:16:32,Traktiran untuk Pengguna baru..
Pengguna Google,5,2021-08-09 13:28:08,Apk sangat mantap
Pengguna Google,2,2021-08-02 17:15:50,keren banget aplikasinya
Pengguna Google,5,2021-04-26 11:49:17,Mantap
Pengguna Google,5,2021-09-18 12:25:17,sumpaah free ongkir pengguna baru nya nagiihh😊
Pengguna Google,5,2021-12-13 21:51:15,Ok
Pengguna Google,5,2022-02-09 03:09:44,Suka sekali pakai tokopedia. Makin hari makin bagus 🥰
Pengguna Google,5,2022-10-12 08:33:01,akun jualan tokopedia .....semoga
Pengguna Google,5,2022-02-13 07:13:07,Stop iklan
Pengguna Google,5,2022-04-21 03:56:27,ok
Pengguna Google,5,2022-03-27 17:18:37,"Saya sebenarnya pengen belanja melalui tokopedia ramadhan ekstra, tapi bonus bebas ongkir terbatas, sedih deh"
Pengguna Google,5,2023-01-28 12:32:35,bagusss
Pengguna Google,5,2021-06-23 06:24:42,Baru gabung di Tokped. semoga bisa langganan. lumayan dapet voucher gratis belanja.
Pengguna Google,5,2022-05-31 08:33:18,"Terimakasih Tokopedia, sudah menyediakan pelatihan untuk prakerja , pembelian nya sangat cepat dan lancar , sukses selalu Tokopedia ."
Pengguna Google,5,2021-09-03 03:13:24,"Tokopedia sangat membantu saya untuk membeli pelatihan program prakerja,moga makin sukses dan semakin baik dalam layanannya..terima kasih banyak ya"
Pengguna Google,5,2024-03-05 05:27:24,mantap
Pengguna Google,1,2023-08-28 11:07:45,Aplikasi kebanyakan update bangst. Coba langsung sekalian aja update besar2 an jgn dikit2 update klo gk update org gk bs buka aplikasi
Pengguna Google,5,2021-03-29 23:33:58,bagus
Pengguna Google,5,2023-01-03 06:41:07,Sangat puas...
Pengguna Google,1,2021-04-27 15:56:35,kok aplikasinya jadi kacau sih.
Pengguna Google,5,2021-09-30 05:35:36,Sangat mudah dèngn mnggunakn tokopedia semua ny lbih praktis
Pengguna Google,2,2021-04-19 06:21:37,Byk bug
Pengguna Google,5,2021-04-22 13:13:16,ini seru banget udh ada acara besok BTA SAMA BOYS aku nggak sabar itu saja komentar nya dah
Pengguna Google,5,2021-05-09 07:24:35,👍👍👍👍👍
Pengguna Google,5,2021-12-25 10:04:49,Hhahajjja
Pengguna Google,3,2021-05-01 22:42:26,Kebanyakan update
Pengguna Google,5,2021-06-16 01:22:26,Good
Pengguna Google,5,2022-05-10 23:23:21,terbaik
Pengguna Google,5,2021-05-25 13:35:57,sukses teruss tokped❤️
Pengguna Google,5,2021-05-28 18:10:31,Mantaplah
Pengguna Google,5,2021-08-27 18:49:18,"Aplikasinya mantapp,thanks tokped."
Pengguna Google,5,2024-05-25 08:33:23,terbaik
Pengguna Google,5,2021-10-19 23:27:45,suka banget banyak cashback
Pengguna Google,4,2024-07-07 00:50:36,Lama pemesanan nya
Pengguna Google,5,2023-08-20 04:07:42,Sebenarnya aplikasi ini 👍
Pengguna Google,5,2021-10-04 00:50:15,"mantap aplikasi nya buat belanja, gratis ongkir makin sip."
Pengguna Google,5,2021-04-03 02:54:00,terima kasih kepada aplikasi tokopedia sangat membantu sekali
Pengguna Google,5,2023-11-30 01:26:10,Aplikasi nya bagus 1
Pengguna Google,5,2021-07-11 12:02:56,bahagia kamu
Pengguna Google,1,2021-11-18 06:01:46,8bit
Pengguna Google,3,2021-03-26 20:00:46,Lumayan 😬
Pengguna Google,5,2021-08-10 19:03:39,Tokopedia memang mantap
Pengguna Google,2,2022-01-09 13:31:42,"Kenapa orderan saya tidak sampai sampai? Sudah satu minggu tidak sampai biasanya saya belanja di aplikasi lain cepat tapi di Tokopedia sangat lama pdhl cmn Jakarta ke Lampung,maaf jika saya beri bintang 2."
Pengguna Google,3,2021-04-14 05:46:15,"Mau coba,ok lanjut"
Pengguna Google,5,2022-09-01 12:50:51,banyak gratis ongkir
Pengguna Google,5,2024-04-16 03:59:03,amazing
Pengguna Google,5,2022-01-23 23:08:28,kerenn tokopedia. Beli pulsa 15 ribu bayar cuma Rp. 1
Pengguna Google,5,2023-06-13 15:05:09,Tetap semangat
Pengguna Google,5,2024-03-03 03:36:03,very good
Pengguna Google,1,2023-02-26 06:41:46,Kurirny lambat klo pke sigesit
Pengguna Google,3,2021-03-27 02:55:19,layanan toke pedia..semoga selalu baik . ini pertam x cova
Pengguna Google,1,2021-10-03 18:30:33,"Klo nda niat kasi promo nda usah njiNg.. Duit udah d transfer,, malah di batalin sepihak.. Ini udah yg ketiga kali.."
Pengguna Google,5,2022-01-04 20:12:32,semoga
Pengguna Google,1,2024-01-20 22:02:04,Susah banget sih ganti nomor hp su
Pengguna Google,5,2021-07-16 11:09:52,good
Pengguna Google,5,2022-12-15 03:51:08,Tokopedia terbaik terimakasih
Pengguna Google,4,2021-08-27 13:29:16,Tokopedia paling lambat 👎👎👎👎 gak kaya toko sebelah 'Bukalapak' mending loo berhenti kerja sama dengan kartu prakerja 👎👎👎👎
Pengguna Google,1,2024-06-27 16:23:43,ga guna gua gasuka
Pengguna Google,5,2021-12-02 08:23:46,Asalamualaikum aplikasinya bagus banget buruan belanja disini tokepedia
Pengguna Google,3,2021-12-22 13:52:54,mantap.
Pengguna Google,5,2021-10-23 07:41:00,Suka banget karna mau beli iphone 8+ murah langsung dapet!!!!!!! Thanks for you @TOKOPEDIA ........ MUACHHHHHH
Pengguna Google,4,2022-07-13 09:29:46,tingkatkan keamanan pengguna
Pengguna Google,1,2024-05-04 13:05:58,Bang bisa berenti muncul gak pas gw baca komik di website
Pengguna Google,5,2021-11-03 04:26:50,bagus
Pengguna Google,1,2021-04-12 09:53:33,"Saya suka belanja di tokopedia, tapi notifikasinya berisik sama kebanyakan, norak. Masa hape saya isinya tokopedia semua, ntar juga kalo mau beli saya beli."
Pengguna Google,1,2023-09-15 17:00:14,Gk mau tanggung jawab padahal udah ada vd unboxing
Pengguna Google,5,2021-10-12 13:06:04,Joooz
Pengguna Google,5,2022-03-09 07:39:11,semoga sehat selalu bosku
Pengguna Google,5,2022-05-01 08:04:55,karya anak bangsa
Pengguna Google,5,2021-04-29 11:59:26,Semoga lancar
Pengguna Google,2,2021-11-01 13:48:29,makasih
Pengguna Google,5,2022-03-19 17:23:39,good👍
Pengguna Google,5,2022-05-27 10:02:32,Ok
Pengguna Google,5,2022-04-11 16:25:20,mntap
Pengguna Google,4,2021-05-08 23:40:16,"Beragam aneka jenis produk, mhn lebih di filter yg kasus² penipuan"
Pengguna Google,5,2022-03-01 09:00:50,baik
Pengguna Google,5,2021-05-23 22:33:05,Baik dan terpercaya
Pengguna Google,1,2022-08-14 05:15:37,"Dr dulu sangat nyaman pake aplikasi tokped, namun skrng malah menjadi tambah kecewa, berawal limit cashback semakin mengecil dan skrng di tambah pula ada biaya fee layanan.. Spertinya lebih baik pakai OLSHOP TETANGGA SEBELAH...!!"
Pengguna Google,5,2023-11-02 11:15:01,saya belanja di tokopedia ini blm ada kendala insyaallah kedepannya untuk lebih baik lagi.
Pengguna Google,5,2022-01-18 05:14:32,Iyh
Pengguna Google,1,2022-11-09 09:19:52,skrg gabisa pake vocer kalo mau gratong hhh
Pengguna Google,5,2022-01-31 22:15:58,Selama saya di toped Alhamdulillah tidak pernah terjadi gangguan cepat layanannya dan banyak traktiran menarik mantap deh
Pengguna Google,4,2023-05-18 06:17:15,oke
Pengguna Google,5,2021-09-08 16:11:08,bagussss
Pengguna Google,5,2021-05-26 14:42:18,Ok
Pengguna Google,5,2021-03-25 06:06:07,Terimakasih
Pengguna Google,5,2022-01-12 02:35:52,"Sekali buka aplikasi langsung tampil semua, mantaaap"
Pengguna Google,5,2024-02-13 04:26:15,top
Pengguna Google,5,2022-03-11 12:39:47,Gak nyesel deh ikut pelatihan disini bagus bangettt
Pengguna Google,5,2022-07-29 05:35:56,gg wepret
Pengguna Google,4,2022-08-22 08:40:13,Beli kondom dapat cewek ya disini
Pengguna Google,1,2022-11-17 13:17:15,"parah banget sekarang tokopedia, disaat trx sudah klaim cashback, namun malah gak dapet cashback selesai transaksi. Nyesel sumpah...!!!!"
Pengguna Google,5,2022-07-24 08:37:39,Bagus
Pengguna Google,5,2022-09-29 06:10:01,bgus
Pengguna Google,2,2023-09-30 04:30:58,Smpe
Pengguna Google,5,2021-10-20 08:16:01,good
Pengguna Google,5,2021-08-06 02:13:47,Apk online shop terbaik sbelum shopee dan lazada good job🙏👌👍❤️
Pengguna Google,5,2021-09-11 17:32:14,Ok toko pedia
Pengguna Google,5,2021-08-19 11:55:03,mantap lah tokpet
Pengguna Google,5,2021-10-01 17:03:54,Bgus
Pengguna Google,5,2021-04-06 09:09:01,sangat membantu
Pengguna Google,1,2021-11-10 14:02:37,aplikasi buruk saya minta aplikasinya di perbaikin agar ga error
Pengguna Google,5,2021-09-24 03:26:42,terimakasih tokopedia
Pengguna Google,5,2021-12-12 00:57:52,Seru banget Tokopedia
Pengguna Google,1,2023-07-26 10:55:10,TOKOPEDIA TIDAK ADA RESPON BINGUNG PENGADUAN KEMANA
Pengguna Google,5,2024-07-26 09:09:14,banyak promo😍😍
Pengguna Google,5,2021-04-05 08:45:03,Sangat membatu sekali sukses buat tokopedia
Pengguna Google,5,2022-02-19 11:16:32,Sangat membantu dan barang lengkap dan murah.tingkatkan ungkit gratis
Pengguna Google,5,2021-04-06 06:09:25,Marhaban ya ramadhan 🙏🏻
Pengguna Google,1,2024-03-26 21:27:05,"Maaf, pake aplikasi tokopedia tuh ga nyaman, ga sat set, udah gitu sering error. Dan, baru kali ini saya kecewa gara2 kurir yg lelet, apdet perjalanan paketnya juga lelet. Tgl 24, saya pesan paket di Tokopedia dan Shopee, dan di toko yg sama karena ada stok yg habis d Shopee, tp d Tokopedia masih ready. Paket dr Shopee sudah sampe duluan kemarin, sedangkan dari Tokopedia sampai saat ini paketnya masih di Jakarta."
Pengguna Google,5,2022-06-16 12:48:44,"Ini yang saya cari!, Sangat bermanfaat, Instrukturnya jagoan!, Materi mudah dipahami, Sempurna!"
Pengguna Google,5,2021-06-30 10:50:03,"mantab pokoknya belanja di toko pedia, barakallah"
Pengguna Google,5,2024-02-07 17:36:56,bagus banget aja sih soalnya ngga bisa berkata-kata lagi hehe terima kasih developer
Pengguna Google,5,2023-11-02 07:32:05,oke... sering beli
Pengguna Google,5,2021-09-25 03:46:54,bagus membantu
Pengguna Google,5,2021-06-29 01:49:37,suka banget pakai toped
Pengguna Google,4,2021-10-24 16:58:01,Makasih
Pengguna Google,5,2021-08-12 14:01:01,Solusi sy sudah selesai soal penggantian nomer hp. Terima kasih tokped
Pengguna Google,5,2021-10-15 03:25:42,sukses selalu tokopedia
Pengguna Google,1,2023-12-07 08:53:33,"Tolong di perbaiki lagi, update kemaren smpai skrng, metode pembayaran cod hilang, ini mslh server atau dri update kmrn, tolong di perbaiki cokk 🙏"
Pengguna Google,5,2021-09-27 14:04:46,ok
Pengguna Google,1,2024-06-09 09:08:16,aplikasi apa ini? bisa COD tapi sistem otomatis batalin transaksi. hubungi CS kek nelpon Presiden Putin. aplikasi belanja terburuk sih
Pengguna Google,5,2024-02-11 16:41:36,belanja murah sampai depan rumah👍👍
Pengguna Google,5,2021-06-06 08:14:56,Baik juga
Pengguna Google,1,2024-01-18 00:00:34,"Proses pengembalian dana sangat lama, sudah 1 bulan ga dibalik balikin dana saya, katanya sih diproses tapi kok lama🤔 Sangat buruk pelayanan tokopedia"
Pengguna Google,5,2021-07-18 01:45:35,Belanja ?? tokopedia ajah..
Pengguna Google,5,2021-09-10 09:03:36,Blanja ga ribet. Barang berkwalitas semua
Pengguna Google,5,2021-09-20 09:12:53,Bagus juga aplikasi ini
Pengguna Google,1,2021-05-31 14:54:48,Kecewa padahal baru mau pake tokped eh pesanan pertama di batalkan katanya melanggar ketentuan aneh
Pengguna Google,5,2021-08-26 06:58:56,Terima kasih toko pedia sangat membantu kami
Pengguna Google,5,2022-01-12 05:41:38,Alhamdulillah rezeki. terimakasih Tokopedia
Pengguna Google,5,2022-03-29 18:02:10,cepat mudah hemat
Pengguna Google,5,2021-11-26 03:22:22,"Kelebihan tokopedia gratis utk pengguna baru 0rp Teman,saudara saya pakai tokopedia dan lebih mudah mengikuti event yg berlangsung."
Pengguna Google,5,2022-04-13 17:51:23,Okelah
Pengguna Google,5,2021-05-24 23:08:40,mantap Aku Dapat Barang Gratis Dengan Rp 0
Pengguna Google,5,2021-04-11 15:43:22,Sangat membantu dan bermanfaat..terima kasih
Pengguna Google,5,2023-11-02 02:20:15,goood
Pengguna Google,5,2021-11-12 13:23:07,sangat memuaskan
Pengguna Google,5,2021-03-31 14:52:19,Sanggat membantu dan bermanfaat
Pengguna Google,5,2021-12-29 08:01:38,tokopedia is the best
Pengguna Google,5,2021-08-31 10:20:02,"Sebagai saran, jika bebas ongkir aktifkan dong fitur pembayaran cod nya. Karena kalau di pedesaan, lumayan jauh tmpat untk transfer. Smoga tokopedia bisa lebih baik lagi kedepannya."
Pengguna Google,5,2022-09-21 12:04:27,top pokonya
Pengguna Google,5,2021-05-17 11:50:43,horee belanja geratiss
Pengguna Google,5,2021-12-17 03:15:30,"semoga selalu memberikan pelayanan terbaiknya, discount ya selalu dinanti ☺️"
Pengguna Google,1,2021-10-29 04:32:51,Bonus pengguna baru pas pesen langsung otomatis di batalin aneh kirain beneran dapat bonus pengguna barunya gaktau nya langsung di batalin
Pengguna Google,5,2021-11-27 04:20:13,bagus
Pengguna Google,5,2021-10-26 02:01:23,top deh tokopedia
Pengguna Google,5,2024-01-22 09:57:21,Hubungi WhatsApp admin gudang disini
Pengguna Google,1,2021-09-15 06:33:27,Ko Pembayaran hanya bisa pake indodana. ga bisa lagi pake mandiri cek otomatis. Males banget deh. Akhirnya ga jadi order.
Pengguna Google,3,2023-05-11 08:53:35,"Seharusnya ada fitur penilaian ⭐⭐⭐⭐⭐ ada dari 3 aspek... 1. Dari penjual, 2. Dari jasa ekspedisi, 3. Dari layanan Tokopedia nya, Semoga bisa segera dilengkapi fiturnya"
Pengguna Google,2,2024-07-13 06:25:33,Ngasi diskon tapi giliran CO malah selalu dibatalkan sistem
Pengguna Google,2,2021-05-01 00:13:34,Cobaklh dulu kalw ngk memuaskan hapus lgi
Pengguna Google,1,2021-12-29 05:12:40,Banyak penipuan
Pengguna Google,5,2022-08-19 10:43:06,Selama saya menggunakan aplikasi ini sangat mudah untuk dipahami & mudah dimengerti.
Pengguna Google,3,2022-03-15 15:56:53,Baik
Pengguna Google,5,2023-09-16 00:17:10,Tokopedia lemot bngd
Pengguna Google,4,2022-04-04 16:02:08,keren
Pengguna Google,5,2021-04-25 23:11:03,banjir hadia i love toko pedia aplikasi terbaik dunia
Pengguna Google,5,2021-03-26 22:13:43,Sangat bagus
Pengguna Google,5,2022-04-27 17:55:05,toko pedia emang mantab
Pengguna Google,5,2022-03-28 10:57:28,ok
Pengguna Google,5,2021-10-06 11:45:30,sangat membantu saya
Pengguna Google,5,2022-04-10 15:27:20,bagus
Pengguna Google,5,2022-02-26 03:15:50,bagus mudah digunakan untuk belanja
Pengguna Google,4,2022-02-27 13:40:32,Meskipun saya belum tahu caranya belanja online di Tokopedia namun saya yakin akan bisa untuk bisa pesanan untuk nantinya kedepannya .
Pengguna Google,5,2021-05-29 07:51:22,Biar dapet vc 75% gmn caranya
Pengguna Google,5,2021-08-26 01:55:28,"Sangat membantu,dan banyak pelatihannya"
Pengguna Google,5,2021-07-13 04:57:16,Mantap 👍
Pengguna Google,5,2022-05-19 13:06:16,Ok
Pengguna Google,5,2022-12-09 02:22:51,"Sangat simpel dan lancar, membantu karena ter integrasi dengan banyak sistem pembayaran."
Pengguna Google,5,2021-08-18 15:33:28,baguss banget
Pengguna Google,4,2022-05-23 06:12:09,"terimakasih tokopedia, berguna banget cashback nya😍"
Pengguna Google,5,2021-04-26 15:16:46,Sangat membatu ya
Pengguna Google,5,2022-01-09 03:48:44,punya saldo mudah dipakainya
Pengguna Google,5,2021-05-02 12:53:46,Tetap semangat
Pengguna Google,5,2021-12-17 18:38:25,Baru pertama beli token di tokopedia. keren casback nya
Pengguna Google,1,2024-06-15 21:14:28,Gagal dalam mengambil hadiah pertama
Pengguna Google,3,2021-10-12 09:04:26,barang nya kurang banyak
Pengguna Google,5,2021-09-27 05:08:03,baru coba udah dpt gratis snang nya
Pengguna Google,1,2022-07-07 05:04:36,kenapa gk bisa pembayaran melalui gopay coins .
Pengguna Google,5,2022-10-16 01:09:10,siap pissn
Pengguna Google,5,2021-12-19 09:12:59,Bagus
Pengguna Google,5,2021-05-10 03:58:50,Mantap
Pengguna Google,1,2021-10-04 08:40:19,Tokopedia parah banget Saya udah menyelesaikan pelatihan di BAKING WORLD TANGGAL 21 SEPTEMBER 2021 SAMPE SEKARANG SERTIFIKAT BELUM MUNCUL² UDAH 10HARI PARAH LO JD APK!!! Anjay
Pengguna Google,5,2024-01-25 05:32:48,mantap
Pengguna Google,1,2023-12-09 10:03:20,"Saya sangat kecewa setiap belanja di #Tokopedia tidak pernah beres pengiriman, jasa logistik semua penipu.. Dan CUSTOMER CARE TOKOPEDIA hanya dibls otomatis mesin penjawab.. apa Tokopedia kere dan miskin tdk bisa byr CS yg profesional yg bisa follow up kelurahan customer.. kecewa berat akan saya sebarkan kesemua relasi saya buat tdk belanja di Tokopedia"
Pengguna Google,5,2022-06-29 03:45:55,sangat puas sekali
Pengguna Google,5,2021-04-16 14:24:45,The boyz harus muncul ya tanggal 23 nanti(〒﹏〒) aku udah lama nungguinnya.
Pengguna Google,4,2022-04-13 10:38:27,"Saya kasih bintang empat karena fitur-fiturnya cukup simpel gak terlalu ribet, setiap ngebatalin pesanan barang juga bisa ngembaliin uang. Kendala dari tokopedia yang kualami adalah pas udah nanya ke penjual, bilangnya barangnya ada. Udah konfirmasi pembayaran, tapi gak ada kelanjutan. Dan rupanya barangnya gak ada. Lain kali untuk penjual juga dicek beneran sebelum ngomong 'ada barangnya'. Waktuku terbuang sia-sia cuma nungguin barang yang akhirnya gak ada"
Pengguna Google,5,2022-03-16 03:52:08,Mantap
Pengguna Google,4,2021-09-24 03:27:15,Oke lah
Pengguna Google,1,2021-11-28 16:10:27,"Payah tokopedia,sistem nya buruk,klo ngga niat ngasih promo,php"
Pengguna Google,4,2021-08-02 16:26:30,Good job
Pengguna Google,5,2021-06-25 14:29:30,mantap 👍🏻🤎
Pengguna Google,5,2021-05-20 15:00:23,past respon for tokopedia
Pengguna Google,5,2022-03-10 10:06:59,good
Pengguna Google,5,2021-05-27 23:34:19,"thanks to tokped, aq bisa dapat produk cuma"" gratis ongkir lagi 😆"
Pengguna Google,5,2022-02-10 12:18:53,👍
Pengguna Google,5,2022-01-08 13:07:04,karena pertama gratis
Pengguna Google,5,2022-06-06 10:38:44,"Tolong jangan pake batasan ngasih tip ke kurir, kasian waktu itu lagi hujan gede banget jalannya becek cuma dikasih tip 20rb 🙏"
Pengguna Google,3,2021-09-17 07:23:03,tolong di permudah jgn ribet
Pengguna Google,5,2021-05-15 10:37:36,Tingkatkan layanan dan transparansi transaksi kepada konsumen ......... ☝️
Pengguna Google,5,2022-06-12 23:56:44,"Sangat baik ,👍👍👍"
Pengguna Google,5,2024-01-30 23:34:40,bagus sekali
Pengguna Google,4,2021-05-27 17:38:28,bagus
Pengguna Google,5,2022-02-09 03:04:24,good dah tokopedia bisa blnja rp.0 trimakasih tokopedia
Pengguna Google,1,2023-04-07 19:54:48,A2😫😭we ana
Pengguna Google,5,2022-06-06 15:02:49,Good Performs
Pengguna Google,5,2022-07-15 15:11:06,Bagus . Makasih tokopedia
Pengguna Google,4,2021-04-14 22:13:26,Banyak diskon dan harga promox tokopedia semakin sukses deh barokah buat kita semua
Pengguna Google,5,2023-03-26 04:50:05,Utk metode cicilan susah sekali
Pengguna Google,5,2021-06-16 03:54:22,Pelayanan siap antar produk pesanan sesuai mantab
Pengguna Google,5,2021-03-31 12:02:02,sangat membantu
Pengguna Google,5,2021-05-19 00:16:45,Mudah2an beruntung amin
Pengguna Google,1,2024-06-09 00:44:09,saldo ditahan
Pengguna Google,5,2021-04-17 17:08:59,Sangat Baik
Pengguna Google,3,2023-10-02 08:12:04,"Skrg makin lemot, trs ongkirnya gratis cm blnja 50rb ke atas, itupun gk semua item, ada pula biaya adm n layanan, makin nyebelin.."
Pengguna Google,5,2024-03-18 18:02:39,Diskon MELIMPAH DI TOKOPEDIA tokopedia: mobilbutut tokopedia: styleispassion tokopedia: motipassion
Pengguna Google,5,2021-04-06 11:42:48,menarik
Pengguna Google,5,2021-08-19 06:55:32,Telat telat dikit ga masalah
Pengguna Google,5,2021-05-02 04:29:35,Asyiiik banyak diskon
Pengguna Google,5,2022-11-11 11:54:44,mantaaaab
Pengguna Google,5,2022-02-22 02:54:27,Urusan Belanja Nggak pake ribeet..👍 Order Kapan saja dimana saja. Tinggal tunggu nyempe ajaa...😊
Pengguna Google,5,2022-02-18 06:23:22,mantap
Pengguna Google,5,2022-03-22 12:58:11,mantaaaap....
Pengguna Google,5,2022-03-11 03:54:37,onghy
Pengguna Google,5,2021-04-29 03:06:35,toko favorit
Pengguna Google,5,2021-09-21 23:19:35,bagus
Pengguna Google,1,2024-03-26 15:58:10,Kecewa sekarang sama tokopedia jelek expedisi nya barang sangat lama sampai dengan SAPX express katanya rekomen nyatanya sangat sangat sangat jelek sekali padahal saya langganan di sini bahkan belanja ada yg sampai 800 rbu lebih dengan ini saya akan hapus tokopedia dan kapok belanja lagi disini
Pengguna Google,1,2023-06-14 01:12:38,"Tokopedia sangat mengecewakan sekali, masa promo sekarang ngga bisa di jadikan satu Malah tambah rugi aja 👎"
Pengguna Google,5,2021-04-07 09:19:40,Apk bagus 👍👍👍👍
Pengguna Google,3,2023-08-02 03:27:07,"Overall tokped udah bgus, cm ada fitur yg sy sgt butuh tp tidak ada di apk tokped.. itu fitur hapus transaksi/ pmbelian di tokped, aku co barang titipan org lain yg aneh dan riwayat pembeliannya ga bisa dihapus jd berantem drumah gara² liat riwayat transaksi yg pdahal barangnya aku co bukan buat aku.. tolong tokped adain fitur hapus riwayat pembelian, krn kadang customer pakai tokped bukan cm buat sendiri kadang jg buat keluarga/ org lain, kan bahaya jg kalo trnyata di list ada barang sensitif.."
Pengguna Google,2,2022-09-07 10:33:01,Kurang nyaman belanja di toped gara2 ada biaya penanganan dan biaya tambahan untuk COD
Pengguna Google,4,2021-04-01 14:36:40,"kebanyakan kode verifikasi,tapi mantap sih"
Pengguna Google,4,2021-11-04 22:41:17,Tokopedia yang saya gunakan sekarang sangat bermanfaat sekali utk memudahkan saya berbelanja apa yang saya inginkan Cepat & Aman lagi the best
Pengguna Google,5,2022-09-26 13:44:02,sangat membantu.
Pengguna Google,5,2021-10-09 01:14:10,transaksi d tokopedia sangat mudah di akses
Pengguna Google,1,2024-07-18 03:12:55,"Mohon untuk ekspedisi (AnterAja) knp masih di pakai ya sbg pengiriman resmi tolopedia ? Bikin masalah aja di pengiriman. Saya penguna lama tokopedia, kalo begini terus saya akan beralih saja aplikasi sebelah."
Pengguna Google,5,2022-07-19 22:08:50,oke
Pengguna Google,5,2022-04-23 13:59:54,"bagusss bangett, recomended"
Pengguna Google,5,2022-08-15 12:04:26,Memebantu skali
Pengguna Google,5,2022-12-07 15:37:54,enjoy
Pengguna Google,5,2022-07-08 17:37:15,bisa belanja gratis untuk pengguna baru aku udah beberapa kali beli barang gratis
Pengguna Google,5,2022-10-30 09:19:14,Mantablah pokoke
Pengguna Google,5,2022-10-18 08:49:46,Sangat baik dancepat
Pengguna Google,5,2021-05-18 05:19:32,Sejauh ini terbantu dengan Tokopedia
Pengguna Google,1,2021-05-02 02:06:38,Manfkin enak aj belanja di tokopedia
Pengguna Google,5,2024-07-26 23:31:30,aplikasi belanja yang bagus bgtt
Pengguna Google,5,2022-02-09 20:49:07,bagusssssssss
Pengguna Google,5,2021-05-30 08:05:35,sangat bagus
Pengguna Google,5,2021-08-25 11:16:07,Mantap bgt aplikasiny kak
Pengguna Google,1,2023-12-04 14:30:29,"toko pedia ga aman banget anj paket gue ilang mana ps lg dpt diskon banyak, mmg kurir tokped anj, ga gue doang korbannya tpi banyaak buwanget bener² ni si tokped baru kali ini gue kehilangan barang gue,mana udah bayar lagi mmg anj"
Pengguna Google,3,2021-08-09 12:45:58,Mantaaap#
Pengguna Google,5,2021-08-12 16:58:55,Sangat memuaskan
Pengguna Google,5,2021-10-23 00:01:38,Mantappp banget
Pengguna Google,4,2022-10-05 03:58:01,excellent
Pengguna Google,5,2022-07-07 12:11:21,sangat bagus
Pengguna Google,5,2021-08-26 07:55:35,thanks bgt
Pengguna Google,5,2021-10-25 23:56:17,Mantap dan jaya selalu
Pengguna Google,4,2021-04-26 13:23:08,Apa ia tawaran hadiah
Pengguna Google,5,2022-01-01 15:44:56,top
Pengguna Google,5,2021-03-24 22:18:01,Sangat membantu dan meyakinkan
Pengguna Google,5,2021-09-28 13:51:29,keren bingittt ehh tapi boong
Pengguna Google,5,2022-01-30 04:38:47,dapet barang gratis tokopedia baik banget
Pengguna Google,5,2022-01-21 22:53:20,Top markotopp
Pengguna Google,5,2021-05-03 19:24:02,puas blanja dsni
Pengguna Google,1,2021-05-24 10:13:23,Wow
Pengguna Google,5,2022-03-17 02:19:31,Kualitasnyaaaaa bagus lah😊🙏
Pengguna Google,5,2021-03-29 13:35:37,sangat baik
Pengguna Google,5,2021-08-25 17:47:59,baguss
Pengguna Google,5,2021-08-25 14:40:49,"Saya sangat menyukai tokopedia,,,platform yg sangat bagus..."
Pengguna Google,5,2022-01-15 08:23:30,"semoga bantalnya benar""bagus ya,soal nya rp 0 makasih sebelum nya tokopesia🤗"
Pengguna Google,5,2021-09-07 00:52:21,"Kami sangst berterima kasih kepada pembuat aplikasi ini, dan sangat membantu dlm pekerjaan kami sehari-hari wassalam,,,"
Pengguna Google,1,2021-05-07 01:46:42,"Males lah jarak jakarta kejawa aja gk bisa cod onlineshop lain aja bisa,emg kesannya kayak mau nipu dan uang dibawa kabur tanpa barang diterima"
Pengguna Google,5,2021-10-28 13:35:52,gila sih mantep
Pengguna Google,5,2021-10-27 04:10:56,mantaapppppp
Pengguna Google,3,2022-01-05 21:26:54,Apakah tokped sedang ada gangguan? Cek resi dan top up pun gak bisa... 🥺
Pengguna Google,3,2021-08-02 19:48:56,"Udah d update kok msh belum juga bisa di buka.dalam 30 menit,udah 7x 34mb,saya update,tetap aja nggak bs dibuka.ngabisin kuota,bos.jadi heran.padahal pengiriman saya lagi di proses,bos.masalahnya di mana.kl jaringan di sini nggak ada yg lelet,buka apk yg lain aj,gampang d update,tp kenapa waktu update toped bermasalah trus.cek status pengiriman saya yg 2 item lagi,gmn bos."
Pengguna Google,1,2021-10-26 05:27:40,"Tidak menerima cashback setelah transaksi selesai. Alasannya karena melebihi batas pengguna program. Kalau sudah melebihi batas pengguna program per akun, kenapa di invoice muncul cashback. Jangan seenaknya sendiri menghilangkan cashback! Bikin program bohong2an!"
Pengguna Google,5,2023-12-24 07:29:12,Donwload gara gara Tokopedia x kobo kanaeru
Pengguna Google,1,2023-02-09 10:09:13,Pelayanannya parah mitra ekspedisi ngeboong masa status pengiriman tidak ada orang hahahaha padahal ada orang kalo gk bisa dianter hari itu tulis aja sesuai fakta jangan ngarang2 masa ngeboong jgn minta bayarnya doang pelayanan tingkatin
Pengguna Google,5,2021-04-28 12:55:41,Alhamdulillah. Makin ke sini makin nyaman belanja di Tokopedia.
